{"textures":{"particle":"block/bell_bottom","bar":"block/dark_oak_planks","post":"block/stone"},"elements":[{"from":[4,12,6],"to":[12,16,10],"faces":{"north":{"uv":[4,0,12,4],"rotation":180,"texture":"#bar"},"south":{"uv":[4,0,12,4],"texture":"#bar"},"up":{"uv":[4,0,12,4],"texture":"#bar"},"down":{"uv":[4,0,12,4],"texture":"#bar"}}},{"from":[12,0,6],"to":[16,16,10],"faces":{"north":{"uv":[0,0,4,16],"texture":"#post"},"east":{"uv":[0,0,4,16],"texture":"#post"},"south":{"uv":[0,0,4,16],"texture":"#post"},"west":{"uv":[0,0,4,16],"texture":"#post"},"up":{"uv":[0,0,4,4],"texture":"#post","cullface":"up"},"down":{"uv":[0,12,4,16],"texture":"#post","cullface":"down"}}},{"from":[0,0,6],"to":[4,16,10],"faces":{"north":{"uv":[0,0,4,16],"texture":"#post"},"east":{"uv":[0,0,4,16],"texture":"#post"},"south":{"uv":[0,0,4,16],"texture":"#post"},"west":{"uv":[0,0,4,16],"texture":"#post"},"up":{"uv":[0,0,4,4],"texture":"#post","cullface":"up"},"down":{"uv":[0,12,4,16],"texture":"#post","cullface":"down"}}}]}