{"parent":"block/block","textures":{"particle":"block/big_dripleaf_stem","stem":"block/big_dripleaf_stem"},"elements":[{"from":[5,0,12],"to":[11,16,12],"shade":false,"rotation":{"angle":45,"axis":"y","origin":[8,8,12],"rescale":true},"faces":{"north":{"uv":[4,0,12,16],"texture":"#stem"},"south":{"uv":[4,0,12,16],"texture":"#stem"}}},{"from":[5,0,12],"to":[11,16,12],"shade":false,"rotation":{"angle":-45,"axis":"y","origin":[8,8,12],"rescale":true},"faces":{"north":{"uv":[4,0,12,16],"texture":"#stem"},"south":{"uv":[4,0,12,16],"texture":"#stem"}}}]}