{"textures":{"base":"block/brewing_stand_base","particle":"block/brewing_stand","stand":"block/brewing_stand"},"elements":[{"from":[6,0,6],"to":[10,12,10],"faces":{"north":{"uv":[4,4,8,16],"texture":"#stand"},"east":{"uv":[8,4,12,16],"texture":"#stand"},"south":{"uv":[4,4,8,16],"texture":"#stand"},"west":{"uv":[8,4,12,16],"texture":"#stand"},"up":{"uv":[4,4,8,8],"texture":"#stand"}}},{"from":[8,0,4],"to":[16,2,12],"faces":{"north":{"uv":[8,12,16,16],"texture":"#base"},"east":{"uv":[8,12,16,16],"texture":"#base"},"south":{"uv":[8,12,16,16],"texture":"#base"},"up":{"uv":[8,4,16,12],"texture":"#base"},"down":{"uv":[8,4,16,12],"texture":"#base"}}},{"from":[0,0,0],"to":[8,2,16],"faces":{"north":{"uv":[0,12,8,16],"texture":"#base"},"east":{"uv":[0,12,16,16],"texture":"#base"},"south":{"uv":[0,12,8,16],"texture":"#base"},"west":{"uv":[0,12,16,16],"texture":"#base"},"up":{"uv":[0,0,8,16],"texture":"#base"},"down":{"uv":[0,0,8,16],"texture":"#base"}}}]}