{"ambientocclusion":false,"textures":{"4":"block/water_still","top":"block/cauldron_top","bottom":"block/cauldron_bottom","particle":"block/cauldron_side","side":"block/cauldron_side","inside":"block/cauldron_inner"},"elements":[{"from":[0,4,0],"to":[4,16,16],"faces":{"north":{"uv":[12,0,16,12],"texture":"#side","cullface":"north"},"east":{"uv":[0,0,16,12],"texture":"#side","cullface":"up"},"south":{"uv":[0,0,4,12],"texture":"#side","cullface":"south"},"west":{"uv":[0,0,16,12],"texture":"#side","cullface":"west"},"up":{"uv":[0,0,4,16],"texture":"#top","cullface":"up"},"down":{"uv":[0,0,4,16],"texture":"#inside"}}},{"from":[4,4,4],"to":[12,4,12],"rotation":{"angle":0,"axis":"y","origin":[8,9,8]},"faces":{"up":{"uv":[4,4,12,12],"texture":"#inside","cullface":"up"},"down":{"uv":[4,4,12,12],"texture":"#inside"}}},{"from":[12,4,0],"to":[16,16,16],"faces":{"north":{"uv":[0,0,4,12],"texture":"#side","cullface":"north"},"east":{"uv":[0,0,16,12],"texture":"#side","cullface":"east"},"south":{"uv":[12,0,16,12],"texture":"#side","cullface":"south"},"west":{"uv":[0,0,16,12],"texture":"#side","cullface":"up"},"up":{"uv":[12,0,16,16],"texture":"#top","cullface":"up"},"down":{"uv":[12,0,16,16],"texture":"#inside"}}},{"from":[4,4,0],"to":[12,16,4],"faces":{"north":{"uv":[4,0,12,12],"texture":"#side","cullface":"north"},"south":{"uv":[4,0,12,12],"texture":"#side","cullface":"up"},"up":{"uv":[4,0,12,4],"texture":"#top","cullface":"up"},"down":{"uv":[4,12,12,16],"texture":"#inside"}}},{"from":[4,4,12],"to":[12,16,16],"faces":{"north":{"uv":[4,0,12,12],"texture":"#side","cullface":"up"},"south":{"uv":[4,0,12,12],"texture":"#side","cullface":"south"},"up":{"uv":[4,12,12,16],"texture":"#top","cullface":"up"},"down":{"uv":[4,0,12,4],"texture":"#inside"}}},{"from":[0,0,0],"to":[4,4,4],"faces":{"north":{"uv":[12,12,16,16],"texture":"#side","cullface":"north"},"east":{"uv":[12,12,16,16],"texture":"#side"},"south":{"uv":[0,12,4,16],"texture":"#side"},"west":{"uv":[0,12,4,16],"texture":"#side","cullface":"west"},"down":{"uv":[0,12,4,16],"texture":"#bottom","cullface":"down"}}},{"from":[12,0,0],"to":[16,4,4],"faces":{"north":{"uv":[0,12,4,16],"texture":"#side","cullface":"north"},"east":{"uv":[12,12,16,16],"texture":"#side","cullface":"east"},"south":{"uv":[12,12,16,16],"texture":"#side"},"west":{"uv":[0,12,4,16],"texture":"#side"},"down":{"uv":[12,12,16,16],"texture":"#bottom","cullface":"down"}}},{"from":[0,0,12],"to":[4,4,16],"faces":{"north":{"uv":[12,12,16,16],"texture":"#side"},"east":{"uv":[0,12,4,16],"texture":"#side"},"south":{"uv":[0,12,4,16],"texture":"#side","cullface":"south"},"west":{"uv":[12,12,16,16],"texture":"#side","cullface":"west"},"down":{"uv":[0,0,4,4],"texture":"#bottom","cullface":"down"}}},{"from":[12,0,12],"to":[16,4,16],"faces":{"north":{"uv":[0,12,4,16],"texture":"#side"},"east":{"uv":[0,12,4,16],"texture":"#side","cullface":"east"},"south":{"uv":[12,12,16,16],"texture":"#side","cullface":"south"},"west":{"uv":[12,12,16,16],"texture":"#side"},"down":{"uv":[12,0,16,4],"texture":"#bottom","cullface":"down"}}},{"from":[4,10,4],"to":[12,10,12],"rotation":{"angle":0,"axis":"y","origin":[12,18,13]},"faces":{"up":{"uv":[4,4,12,12],"texture":"#4"}}}]}