{"ambientocclusion":false,"textures":{"particle":"block/cocoa_stage1","cocoa":"block/cocoa_stage1"},"elements":[{"from":[4,4,6],"to":[12,12,14],"rotation":{"angle":0,"axis":"y","origin":[8,8,7]},"faces":{"north":{"uv":[8,4,16,12],"texture":"#cocoa"},"east":{"uv":[8,4,16,12],"texture":"#cocoa"},"south":{"uv":[8,4,16,12],"texture":"#cocoa"},"west":{"uv":[8,4,16,12],"texture":"#cocoa"},"up":{"uv":[8,4,16,12],"texture":"#cocoa"},"down":{"uv":[8,4,16,12],"texture":"#cocoa"}}},{"from":[8,12,12],"to":[8,16,16],"faces":{"east":{"uv":[16,0,12,4],"texture":"#cocoa"},"west":{"uv":[12,0,16,4],"texture":"#cocoa"}}}]}