{"ambientocclusion":false,"textures":{"3":"block/redstone_torch_off","slab":"block/smooth_stone","particle":"block/repeater","top":"block/repeater","lit":"block/redstone_torch"},"elements":[{"from":[0,0,0],"to":[16,4,16],"faces":{"north":{"uv":[0,12,16,16],"texture":"#slab","cullface":"north"},"east":{"uv":[0,12,16,16],"texture":"#slab","cullface":"east"},"south":{"uv":[0,12,16,16],"texture":"#slab","cullface":"south"},"west":{"uv":[0,12,16,16],"texture":"#slab","cullface":"west"},"up":{"uv":[0,0,16,16],"texture":"#top"},"down":{"uv":[0,0,16,16],"texture":"#slab","cullface":"down"}}},{"from":[2,4,10],"to":[6,12,14],"rotation":{"angle":0,"axis":"y","origin":[8,13,9]},"faces":{"north":{"uv":[4,4,8,12],"texture":"#3"},"east":{"uv":[4,4,8,12],"texture":"#3"},"south":{"uv":[4,4,8,12],"texture":"#3"},"west":{"uv":[4,4,8,12],"texture":"#3"},"up":{"uv":[4,4,8,8],"texture":"#3"}}},{"from":[10,4,10],"to":[14,12,14],"rotation":{"angle":0,"axis":"y","origin":[16,13,9]},"faces":{"north":{"uv":[4,4,8,12],"texture":"#3"},"east":{"uv":[4,4,8,12],"texture":"#3"},"south":{"uv":[4,4,8,12],"texture":"#3"},"west":{"uv":[4,4,8,12],"texture":"#3"},"up":{"uv":[4,4,8,8],"texture":"#3"}}},{"from":[6,8,2],"to":[10,8,6],"rotation":{"angle":0,"axis":"y","origin":[12,9,1]},"faces":{"up":{"uv":[4,4,8,8],"texture":"#lit"}}},{"from":[2,4,2],"to":[14,12,6],"rotation":{"angle":0,"axis":"y","origin":[8,8,4]},"faces":{"north":{"uv":[0,0,12,8],"texture":"#lit"},"south":{"uv":[0,0,12,8],"texture":"#lit"}}},{"from":[6,4,-2],"to":[10,12,10],"rotation":{"angle":0,"axis":"y","origin":[8,8,4]},"faces":{"east":{"uv":[0,0,12,8],"texture":"#lit"},"west":{"uv":[0,0,12,8],"texture":"#lit"}}}]}