{"ambientocclusion":false,"textures":{"slab":"block/smooth_stone","particle":"block/repeater","top":"block/repeater","unlit":"block/redstone_torch_off"},"elements":[{"from":[0,0,0],"to":[16,4,16],"faces":{"north":{"uv":[0,12,16,16],"texture":"#slab","cullface":"north"},"east":{"uv":[0,12,16,16],"texture":"#slab","cullface":"east"},"south":{"uv":[0,12,16,16],"texture":"#slab","cullface":"south"},"west":{"uv":[0,12,16,16],"texture":"#slab","cullface":"west"},"up":{"uv":[0,0,16,16],"texture":"#top"},"down":{"uv":[0,0,16,16],"texture":"#slab","cullface":"down"}}},{"from":[10,4,10],"to":[14,12,14],"rotation":{"angle":0,"axis":"y","origin":[8,10,8]},"faces":{"north":{"uv":[4,4,8,12],"texture":"#unlit"},"east":{"uv":[4,4,8,12],"texture":"#unlit"},"south":{"uv":[4,4,8,12],"texture":"#unlit"},"west":{"uv":[4,4,8,12],"texture":"#unlit"},"up":{"uv":[4,4,8,8],"texture":"#unlit"}}},{"from":[2,4,10],"to":[6,12,14],"rotation":{"angle":0,"axis":"y","origin":[0,10,8]},"faces":{"north":{"uv":[4,4,8,12],"texture":"#unlit"},"east":{"uv":[4,4,8,12],"texture":"#unlit"},"south":{"uv":[4,4,8,12],"texture":"#unlit"},"west":{"uv":[4,4,8,12],"texture":"#unlit"},"up":{"uv":[4,4,8,8],"texture":"#unlit"}}},{"from":[6,4,2],"to":[10,8,6],"rotation":{"angle":0,"axis":"y","origin":[8,10,9]},"faces":{"north":{"uv":[4,4,8,8],"texture":"#unlit"},"east":{"uv":[4,4,8,8],"texture":"#unlit"},"south":{"uv":[4,4,8,8],"texture":"#unlit"},"west":{"uv":[4,4,8,8],"texture":"#unlit"},"up":{"uv":[4,4,8,8],"texture":"#unlit"}}}]}