{"ambientocclusion":false,"textures":{"slab":"block/smooth_stone","particle":"block/repeater_on","top":"block/repeater_on","lit":"block/redstone_torch"},"elements":[{"from":[0,0,0],"to":[16,4,16],"faces":{"north":{"uv":[0,12,16,16],"texture":"#slab","cullface":"north"},"east":{"uv":[0,12,16,16],"texture":"#slab","cullface":"east"},"south":{"uv":[0,12,16,16],"texture":"#slab","cullface":"south"},"west":{"uv":[0,12,16,16],"texture":"#slab","cullface":"west"},"up":{"uv":[0,0,16,16],"texture":"#top"},"down":{"uv":[0,0,16,16],"texture":"#slab","cullface":"down"}}},{"from":[2,12,10],"to":[6,12,14],"rotation":{"angle":0,"axis":"y","origin":[8,13,9]},"faces":{"up":{"uv":[4,4,8,8],"texture":"#lit"}}},{"from":[10,12,10],"to":[14,12,14],"rotation":{"angle":0,"axis":"y","origin":[16,13,9]},"faces":{"up":{"uv":[4,4,8,8],"texture":"#lit"}}},{"from":[6,8,2],"to":[10,8,6],"rotation":{"angle":0,"axis":"y","origin":[12,9,1]},"faces":{"up":{"uv":[4,4,8,8],"texture":"#lit"}}},{"from":[2,4,6],"to":[6,16,18],"rotation":{"angle":0,"axis":"y","origin":[8,10,8]},"faces":{"east":{"uv":[0,0,12,12],"texture":"#lit"},"west":{"uv":[0,0,12,12],"texture":"#lit"}}},{"from":[10,4,6],"to":[14,16,18],"rotation":{"angle":0,"axis":"y","origin":[16,10,8]},"faces":{"east":{"uv":[0,0,12,12],"texture":"#lit"},"west":{"uv":[0,0,12,12],"texture":"#lit"}}},{"from":[-2,4,10],"to":[10,16,14],"rotation":{"angle":0,"axis":"y","origin":[4,10,12]},"faces":{"north":{"uv":[0,0,12,12],"texture":"#lit"},"south":{"uv":[0,0,12,12],"texture":"#lit"}}},{"from":[2,4,2],"to":[14,12,6],"rotation":{"angle":0,"axis":"y","origin":[8,8,4]},"faces":{"north":{"uv":[0,0,12,8],"texture":"#lit"},"south":{"uv":[0,0,12,8],"texture":"#lit"}}},{"from":[6,4,-2],"to":[10,12,10],"rotation":{"angle":0,"axis":"y","origin":[8,8,4]},"faces":{"east":{"uv":[0,0,12,8],"texture":"#lit"},"west":{"uv":[0,0,12,8],"texture":"#lit"}}},{"from":[6,4,10],"to":[18,16,14],"rotation":{"angle":0,"axis":"y","origin":[12,10,12]},"faces":{"north":{"uv":[0,0,12,12],"texture":"#lit"},"south":{"uv":[0,0,12,12],"texture":"#lit"}}}]}