{"ambientocclusion":false,"textures":{"particle":"#crop"},"elements":[{"from":[4,-4,0],"to":[4,12,16],"shade":false,"faces":{"east":{"uv":[16,0,0,16],"texture":"#crop"},"west":{"uv":[0,0,16,16],"texture":"#crop"}}},{"from":[12,-4,0],"to":[12,12,16],"shade":false,"faces":{"east":{"uv":[0,0,16,16],"texture":"#crop"},"west":{"uv":[16,0,0,16],"texture":"#crop"}}},{"from":[0,-4,4],"to":[16,12,4],"shade":false,"faces":{"north":{"uv":[0,0,16,16],"texture":"#crop"},"south":{"uv":[16,0,0,16],"texture":"#crop"}}},{"from":[0,-4,12],"to":[16,12,12],"shade":false,"faces":{"north":{"uv":[16,0,0,16],"texture":"#crop"},"south":{"uv":[0,0,16,16],"texture":"#crop"}}}]}