{"parent":"block/block","ambientocclusion":false,"textures":{"particle":"block/dragon_egg","all":"block/dragon_egg"},"elements":[{"from":[0,4,0],"to":[16,8,16],"rotation":{"angle":0,"axis":"y","origin":[8,9,8]},"faces":{"north":{"uv":[0,8,16,12],"texture":"#all"},"east":{"uv":[0,8,16,12],"texture":"#all"},"south":{"uv":[0,8,16,12],"texture":"#all"},"west":{"uv":[0,8,16,12],"texture":"#all"},"up":{"uv":[0,0,16,16],"texture":"#all"},"down":{"uv":[0,0,16,16],"texture":"#all"}}},{"from":[2,0,2],"to":[14,12,14],"faces":{"north":{"uv":[4,0,16,12],"texture":"#all"},"east":{"uv":[4,0,16,12],"texture":"#all"},"south":{"uv":[4,0,16,12],"texture":"#all"},"west":{"uv":[4,0,16,12],"texture":"#all"},"up":{"uv":[4,4,16,16],"texture":"#all"},"down":{"uv":[4,4,16,16],"texture":"#all"}}},{"from":[4,12,4],"to":[12,16,12],"rotation":{"angle":0,"axis":"y","origin":[8,20,8]},"faces":{"north":{"uv":[8,8,16,12],"texture":"#all"},"east":{"uv":[8,8,16,12],"texture":"#all"},"south":{"uv":[8,8,16,12],"texture":"#all"},"west":{"uv":[8,8,16,12],"texture":"#all"},"up":{"uv":[8,4,16,12],"texture":"#all"}}}]}