{"parent":"block/block","ambientocclusion":false,"textures":{"particle":"#texture"},"elements":[{"name":"Left post","from":[6,0,0],"to":[10,16,4],"faces":{"north":{"uv":[6,0,10,16],"texture":"#texture"},"east":{"uv":[12,0,16,16],"texture":"#texture"},"south":{"uv":[0,0,4,16],"texture":"#texture"},"west":{"uv":[0,0,4,16],"texture":"#texture"},"up":{"uv":[0,0,4,4],"rotation":90,"texture":"#texture"},"down":{"uv":[0,12,4,16],"texture":"#texture","cullface":"down"}}},{"name":"Right post","from":[6,0,12],"to":[10,16,16],"faces":{"north":{"uv":[12,0,16,16],"texture":"#texture"},"east":{"uv":[0,0,4,16],"texture":"#texture"},"south":{"uv":[6,0,10,16],"texture":"#texture"},"west":{"uv":[12,0,16,16],"texture":"#texture"},"up":{"uv":[12,0,16,4],"rotation":90,"texture":"#texture"},"down":{"uv":[12,12,16,16],"texture":"#texture","cullface":"down"}}},{"name":"Top bar","from":[6,12,4],"to":[10,16,12],"faces":{"east":{"uv":[4,0,12,4],"texture":"#texture"},"west":{"uv":[4,0,12,4],"texture":"#texture"},"up":{"uv":[4,0,12,4],"rotation":90,"texture":"#texture"},"down":{"uv":[4,0,12,4],"rotation":90,"texture":"#texture"}}},{"name":"Top bar","from":[6,4,4],"to":[10,8,12],"rotation":{"angle":0,"axis":"y","origin":[8,0,8]},"faces":{"east":{"uv":[4,8,12,12],"texture":"#texture"},"west":{"uv":[4,8,12,12],"texture":"#texture"},"up":{"uv":[4,8,12,12],"rotation":90,"texture":"#texture"},"down":{"uv":[4,8,12,12],"rotation":90,"texture":"#texture"}}}],"display":{"gui":{"rotation":[30,135,0],"scale":[0.625,0.625,0.625]},"fixed":{"rotation":[0,90,0],"scale":[0.5,0.5,0.5]}}}