{"textures":{"particle":"#texture"},"elements":[{"name":"top bar","from":[6,12,0],"to":[10,16,6],"rotation":{"angle":0,"axis":"y","origin":[8,9,8]},"faces":{"north":{"uv":[12,0,16,4],"texture":"#texture","cullface":"north"},"east":{"uv":[8,0,14,4],"texture":"#texture"},"south":{"uv":[0,0,0,0],"texture":"#texture"},"west":{"uv":[14,0,8,4],"texture":"#texture"},"up":{"uv":[14,8,8,12],"rotation":90,"texture":"#texture"},"down":{"uv":[14,8,8,12],"rotation":270,"texture":"#texture"}}},{"name":"lower bar","from":[6,4,0],"to":[10,8,6],"rotation":{"angle":0,"axis":"y","origin":[8,7,8]},"faces":{"north":{"uv":[12,8,16,12],"texture":"#texture","cullface":"north"},"east":{"uv":[8,8,14,12],"texture":"#texture"},"south":{"uv":[0,0,0,0],"texture":"#texture"},"west":{"uv":[14,8,8,12],"texture":"#texture"},"up":{"uv":[14,4,8,8],"rotation":90,"texture":"#texture"},"down":{"uv":[8,4,14,8],"rotation":90,"texture":"#texture"}}}]}