{"ambientocclusion":false,"textures":{"particle":"block/flower_pot","flowerpot":"block/flower_pot","dirt":"block/dirt"},"elements":[{"from":[4,4,4],"to":[12,4,12],"faces":{"up":{"uv":[4,4,12,12],"texture":"#dirt"}}},{"from":[4,0,4],"to":[12,8,12],"rotation":{"angle":0,"axis":"y","origin":[15,8,14]},"faces":{"north":{"uv":[4,8,12,16],"texture":"#flowerpot"},"east":{"uv":[4,8,12,16],"texture":"#flowerpot"},"south":{"uv":[4,8,12,16],"texture":"#flowerpot"},"west":{"uv":[4,8,12,16],"texture":"#flowerpot"}}},{"from":[12,8,12],"to":[4,0,4],"rotation":{"angle":0,"axis":"y","origin":[23,16,22]},"faces":{"north":{"uv":[4,8,12,16],"texture":"#flowerpot"},"east":{"uv":[4,8,12,16],"texture":"#flowerpot"},"south":{"uv":[4,8,12,16],"texture":"#flowerpot"},"west":{"uv":[4,8,12,16],"texture":"#flowerpot"},"up":{"uv":[0,0,6,6],"texture":"#flowerpot"}}}]}