{"parent":"block/block","textures":{"particle":"block/sea_pickle","all":"block/sea_pickle"},"elements":[{"from":[2,0,2],"to":[6,4,6],"faces":{"north":{"uv":[4,4,8,8],"texture":"#all"},"east":{"uv":[12,4,16,8],"texture":"#all"},"south":{"uv":[0,4,4,8],"texture":"#all"},"west":{"uv":[8,4,12,8],"texture":"#all"},"up":{"uv":[4,0,8,4],"texture":"#all"},"down":{"uv":[8,0,12,4],"texture":"#all","cullface":"down"}}},{"from":[9,0,10],"to":[13,4,14],"faces":{"north":{"uv":[4,4,8,8],"texture":"#all"},"east":{"uv":[12,4,16,8],"texture":"#all"},"south":{"uv":[0,4,4,8],"texture":"#all"},"west":{"uv":[8,4,12,8],"texture":"#all"},"up":{"uv":[4,0,8,4],"texture":"#all"},"down":{"uv":[8,0,12,4],"texture":"#all","cullface":"down"}}},{"from":[9,0,2],"to":[13,8,6],"faces":{"north":{"uv":[4,4,8,12],"texture":"#all"},"east":{"uv":[12,4,16,12],"texture":"#all"},"south":{"uv":[0,4,4,12],"texture":"#all"},"west":{"uv":[8,4,12,12],"texture":"#all"},"up":{"uv":[4,0,8,4],"texture":"#all"},"down":{"uv":[8,0,12,4],"texture":"#all","cullface":"down"}}},{"from":[2,0,8],"to":[6,8,12],"faces":{"north":{"uv":[4,4,8,12],"texture":"#all"},"east":{"uv":[12,4,16,12],"texture":"#all"},"south":{"uv":[0,4,4,12],"texture":"#all"},"west":{"uv":[8,4,12,12],"texture":"#all"},"up":{"uv":[4,0,8,4],"texture":"#all"},"down":{"uv":[8,0,12,4],"texture":"#all","cullface":"down"}}},{"from":[2,4,4],"to":[6,8,4],"shade":false,"rotation":{"angle":45,"axis":"y","origin":[4,6,4]},"faces":{"north":{"uv":[12,0,16,4],"texture":"#all"},"south":{"uv":[12,0,16,4],"texture":"#all"}}},{"from":[1.25,4,14.5],"to":[5.25,8,14.5],"shade":false,"rotation":{"angle":45,"axis":"y","origin":[4,6,4]},"faces":{"north":{"uv":[12,0,16,4],"texture":"#all"},"south":{"uv":[12,0,16,4],"texture":"#all"}}},{"from":[1.25,8,6.5],"to":[5.25,12,6.5],"shade":false,"rotation":{"angle":45,"axis":"y","origin":[4,6,-4]},"faces":{"north":{"uv":[12,0,16,4],"texture":"#all"},"south":{"uv":[12,0,16,4],"texture":"#all"}}},{"from":[-5.75,8,12.5],"to":[-1.75,12,12.5],"shade":false,"rotation":{"angle":45,"axis":"y","origin":[-3,6,2]},"faces":{"north":{"uv":[12,0,16,4],"texture":"#all"},"south":{"uv":[12,0,16,4],"texture":"#all"}}},{"from":[4,4,2],"to":[4,8,6],"shade":false,"rotation":{"angle":45,"axis":"y","origin":[4,6,4]},"faces":{"east":{"uv":[0,0,4,4],"texture":"#all"},"west":{"uv":[0,0,4,4],"texture":"#all"}}},{"from":[3.25,4,12.5],"to":[3.25,8,16.5],"shade":false,"rotation":{"angle":45,"axis":"y","origin":[4,6,4]},"faces":{"east":{"uv":[0,0,4,4],"texture":"#all"},"west":{"uv":[0,0,4,4],"texture":"#all"}}},{"from":[3.25,8,4.5],"to":[3.25,12,8.5],"shade":false,"rotation":{"angle":45,"axis":"y","origin":[4,6,-4]},"faces":{"east":{"uv":[0,0,4,4],"texture":"#all"},"west":{"uv":[0,0,4,4],"texture":"#all"}}},{"from":[-3.75,8,10.5],"to":[-3.75,12,14.5],"shade":false,"rotation":{"angle":45,"axis":"y","origin":[-3,6,2]},"faces":{"east":{"uv":[0,0,4,4],"texture":"#all"},"west":{"uv":[0,0,4,4],"texture":"#all"}}}]}