{"parent":"block/block","textures":{"top":"block/grass_path_top","side":"block/grass_path_side","particle":"block/grass","bottom":"block/grass"},"elements":[{"from":[0,0,0],"to":[16,12,16],"faces":{"north":{"uv":[0,4,16,16],"texture":"#side","cullface":"north"},"east":{"uv":[0,4,16,16],"texture":"#side","cullface":"east"},"south":{"uv":[0,4,16,16],"texture":"#side","cullface":"south"},"west":{"uv":[0,4,16,16],"texture":"#side","cullface":"west"},"up":{"uv":[0,0,16,16],"texture":"#top"},"down":{"uv":[0,0,16,16],"texture":"#bottom","cullface":"down"}}}]}