{"ambientocclusion":false,"textures":{"particle":"block/cobblestone","base":"block/cobblestone","lever":"block/lever"},"elements":[{"from":[4,0,2],"to":[12,4,14],"rotation":{"angle":0,"axis":"y","origin":[8,8,6]},"faces":{"north":{"uv":[4,0,12,4],"texture":"#base"},"east":{"uv":[4,0,16,4],"texture":"#base"},"south":{"uv":[4,0,12,4],"texture":"#base"},"west":{"uv":[4,0,16,4],"texture":"#base"},"up":{"uv":[4,0,12,12],"texture":"#base"},"down":{"uv":[4,0,12,12],"texture":"#base"}}},{"from":[6,1,6],"to":[10,12,10],"rotation":{"angle":-45,"axis":"x","origin":[8,1,8]},"faces":{"north":{"uv":[4,4,8,16],"texture":"#lever"},"east":{"uv":[4,4,8,16],"texture":"#lever"},"south":{"uv":[4,4,8,16],"texture":"#lever"},"west":{"uv":[4,4,8,16],"texture":"#lever"},"up":{"uv":[4,4,8,8],"texture":"#lever"}}}]}