{"ambientocclusion":false,"textures":{"slab":"block/smooth_stone","particle":"block/repeater","top":"block/repeater","unlit":"block/redstone_torch_off"},"elements":[{"from":[0,0,0],"to":[16,4,16],"faces":{"north":{"uv":[0,12,16,16],"texture":"#slab","cullface":"north"},"east":{"uv":[0,12,16,16],"texture":"#slab","cullface":"east"},"south":{"uv":[0,12,16,16],"texture":"#slab","cullface":"south"},"west":{"uv":[0,12,16,16],"texture":"#slab","cullface":"west"},"up":{"uv":[0,0,16,16],"texture":"#top"},"down":{"uv":[0,0,16,16],"texture":"#slab","cullface":"down"}}},{"from":[6,4,0],"to":[10,12,4],"rotation":{"angle":0,"axis":"y","origin":[8,10,8]},"faces":{"north":{"uv":[4,4,8,12],"texture":"#unlit"},"east":{"uv":[4,4,8,12],"texture":"#unlit"},"south":{"uv":[4,4,8,12],"texture":"#unlit"},"west":{"uv":[4,4,8,12],"texture":"#unlit"},"up":{"uv":[4,4,8,8],"texture":"#unlit"}}},{"from":[6,4,6],"to":[10,12,10],"rotation":{"angle":0,"axis":"y","origin":[8,10,14]},"faces":{"north":{"uv":[4,4,8,12],"texture":"#unlit"},"east":{"uv":[4,4,8,12],"texture":"#unlit"},"south":{"uv":[4,4,8,12],"texture":"#unlit"},"west":{"uv":[4,4,8,12],"texture":"#unlit"},"up":{"uv":[4,4,8,8],"texture":"#unlit"}}}]}