{"parent":"block/block","textures":{"stem":"block/small_dripleaf_stem_top","particle":"block/big_dripleaf_stem"},"elements":[{"from":[4,0,8],"to":[12,16,8],"shade":false,"rotation":{"angle":45,"axis":"y","origin":[8,8,8]},"faces":{"north":{"uv":[8,0,16,16],"texture":"#stem"},"south":{"uv":[8,0,16,16],"texture":"#stem"}}},{"from":[4,0,8],"to":[12,16,8],"shade":false,"rotation":{"angle":-45,"axis":"y","origin":[8,8,8]},"faces":{"north":{"uv":[8,0,16,16],"texture":"#stem"},"south":{"uv":[8,0,16,16],"texture":"#stem"}}}]}