{"parent":"block/block","textures":{"particle":"block/stonecutter_bottom","bottom":"block/stonecutter_bottom","top":"block/stonecutter_top","side":"block/stonecutter_side","saw":"block/stonecutter_saw"},"elements":[{"from":[0,0,0],"to":[16,8,16],"faces":{"north":{"uv":[0,8,16,16],"texture":"#side","cullface":"north"},"east":{"uv":[0,8,16,16],"texture":"#side","cullface":"east"},"south":{"uv":[0,8,16,16],"texture":"#side","cullface":"south"},"west":{"uv":[0,8,16,16],"texture":"#side","cullface":"west"},"up":{"uv":[0,0,16,16],"texture":"#top"},"down":{"uv":[0,0,16,16],"texture":"#bottom","cullface":"down"}}},{"from":[0,8,8],"to":[16,16,8],"rotation":{"angle":0,"axis":"y","origin":[8,7,8]},"faces":{"north":{"uv":[0,8,16,16],"texture":"#saw","tintindex":0},"south":{"uv":[0,8,16,16],"texture":"#saw","tintindex":0}}}]}