{"textures":{"bottom":"block/cake_bottom","top":"block/cake_top","particle":"block/cake_side","side":"block/cake_side"},"elements":[{"from":[2,0,2],"to":[14,8,14],"faces":{"north":{"uv":[0,8,12,16],"texture":"#side"},"east":{"uv":[0,8,12,16],"texture":"#side"},"south":{"uv":[0,8,12,16],"texture":"#side"},"west":{"uv":[0,8,12,16],"texture":"#side"},"up":{"uv":[0,0,12,12],"texture":"#top"},"down":{"uv":[0,0,12,12],"texture":"#bottom","cullface":"down"}}},{"from":[6,8,6],"to":[10,16,10],"faces":{"north":{"uv":[0,8,4,16],"texture":"#candle"},"east":{"uv":[0,8,4,16],"texture":"#candle"},"south":{"uv":[0,8,4,16],"texture":"#candle"},"west":{"uv":[0,8,4,16],"texture":"#candle"},"up":{"uv":[0,4,4,8],"texture":"#candle"}}},{"from":[6,16,8],"to":[10,20,8],"rotation":{"angle":45,"axis":"y","origin":[8,16,8]},"faces":{"north":{"uv":[0,0,4,4],"texture":"#candle"},"south":{"uv":[0,0,4,4],"texture":"#candle"}}},{"from":[6,16,8],"to":[10,20,8],"rotation":{"angle":-45,"axis":"y","origin":[8,16,8]},"faces":{"north":{"uv":[0,0,4,4],"texture":"#candle"},"south":{"uv":[0,0,4,4],"texture":"#candle"}}}]}