{"parent":"block/block","textures":{"particle":"#texture"},"elements":[{"name":"Right-hand post","from":[12,0,6],"to":[16,12,14],"rotation":{"angle":0,"axis":"y","origin":[14,10,8]},"faces":{"north":{"uv":[0,0,4,12],"texture":"#texture"},"east":{"uv":[8,0,0,12],"texture":"#texture"},"south":{"uv":[4,0,8,12],"texture":"#texture"},"west":{"uv":[0,0,8,12],"texture":"#texture"},"up":{"uv":[8,0,0,4],"rotation":270,"texture":"#texture"},"down":{"uv":[8,8,0,12],"rotation":90,"texture":"#texture"}}},{"name":"Right-hand post","from":[0,0,6],"to":[4,12,14],"rotation":{"angle":0,"axis":"y","origin":[2,10,8]},"faces":{"north":{"uv":[16,0,12,12],"texture":"#texture","cullface":"east"},"east":{"uv":[8,0,16,12],"texture":"#texture"},"south":{"uv":[12,0,8,12],"texture":"#texture"},"west":{"uv":[16,0,8,12],"texture":"#texture"},"up":{"uv":[16,0,8,4],"rotation":90,"texture":"#texture"},"down":{"uv":[16,8,8,12],"rotation":270,"texture":"#texture"}}}]}