{"parent":"block/block","ambientocclusion":false,"textures":{"particle":"block/flower_pot","flowerpot":"block/flower_pot","dirt":"block/dirt","azalea_plant":"block/potted_azalea_bush_plant"},"elements":[{"from":[4,0,4],"to":[12,8,12],"faces":{"north":{"uv":[4,8,12,16],"texture":"#flowerpot"},"east":{"uv":[4,8,12,16],"texture":"#flowerpot"},"south":{"uv":[4,8,12,16],"texture":"#flowerpot"},"west":{"uv":[4,8,12,16],"texture":"#flowerpot"},"down":{"uv":[4,8,12,16],"texture":"#flowerpot"}}},{"from":[12,8,12],"to":[4,0,4],"faces":{"north":{"uv":[4,8,12,16],"rotation":180,"texture":"#flowerpot"},"east":{"uv":[4,8,12,16],"rotation":180,"texture":"#flowerpot"},"south":{"uv":[4,8,12,16],"rotation":180,"texture":"#flowerpot"},"west":{"uv":[4,8,12,16],"rotation":180,"texture":"#flowerpot"}}},{"from":[4,4,4],"to":[12,4,12],"faces":{"up":{"uv":[4,4,12,12],"texture":"#dirt"}}},{"from":[2,8,2],"to":[14,16,14],"faces":{"north":{"uv":[0,4,12,12],"texture":"#side","cullface":"up"},"east":{"uv":[0,4,12,12],"texture":"#side","cullface":"up"},"south":{"uv":[0,4,12,12],"texture":"#side","cullface":"up"},"west":{"uv":[0,4,12,12],"texture":"#side","cullface":"up"},"up":{"uv":[4,0,16,12],"texture":"#top","cullface":"up"}}},{"from":[14,16,14],"to":[2,8,2],"faces":{"north":{"uv":[0,4,12,12],"rotation":180,"texture":"#side","cullface":"up"},"east":{"uv":[0,4,12,12],"rotation":180,"texture":"#side","cullface":"up"},"south":{"uv":[0,4,12,12],"rotation":180,"texture":"#side","cullface":"up"},"west":{"uv":[0,4,12,12],"rotation":180,"texture":"#side","cullface":"up"},"down":{"uv":[4,0,16,12],"texture":"#top","cullface":"up"}}},{"from":[2,4,8],"to":[14,16,8],"rotation":{"angle":45,"axis":"y","origin":[8,10,8],"rescale":true},"faces":{"north":{"uv":[0,4,12,16],"texture":"#azalea_plant"},"south":{"uv":[0,4,12,16],"texture":"#azalea_plant"}}},{"from":[8,4,2],"to":[8,16,14],"rotation":{"angle":45,"axis":"y","origin":[8,10,8],"rescale":true},"faces":{"east":{"uv":[0,4,12,16],"texture":"#azalea_plant"},"west":{"uv":[0,4,12,16],"texture":"#azalea_plant"}}}]}