{"parent":"block/block","textures":{"particle":"#texture"},"elements":[{"name":"Right-hand post","from":[0,4,6],"to":[16,16,10],"rotation":{"angle":0,"axis":"y","origin":[14,10,8]},"faces":{"north":{"uv":[0,0,16,12],"texture":"#texture"},"east":{"uv":[0,0,4,12],"texture":"#texture"},"south":{"uv":[16,0,0,12],"texture":"#texture"},"west":{"uv":[12,0,16,12],"texture":"#texture"},"up":{"uv":[16,0,0,4],"texture":"#texture"},"down":{"uv":[16,8,0,12],"texture":"#texture"}}}],"display":{"gui":{"rotation":[30,45,0],"translation":[0,-1,0],"scale":[0.8,0.8,0.8]},"head":{"translation":[0,-3,-6]}}}