{"parent":"block/block","textures":{"particle":"block/anvil","body":"block/anvil"},"elements":[{"name":"Anvil base","from":[2,0,2],"to":[14,4,14],"faces":{"north":{"uv":[0,8,12,12],"texture":"#body"},"east":{"uv":[12,0,8,12],"rotation":270,"texture":"#body"},"south":{"uv":[0,0,12,4],"texture":"#body"},"west":{"uv":[0,0,4,12],"rotation":90,"texture":"#body"},"up":{"uv":[0,0,12,12],"rotation":180,"texture":"#body"},"down":{"uv":[0,0,12,12],"rotation":180,"texture":"#body","cullface":"down"}}},{"name":"Wider section beneath top portion","from":[6,4,4],"to":[10,8,12],"faces":{"north":{"uv":[4,8,8,12],"texture":"#body"},"east":{"uv":[8,4,4,12],"rotation":270,"texture":"#body"},"south":{"uv":[8,8,12,12],"texture":"#body"},"west":{"uv":[4,4,8,12],"rotation":90,"texture":"#body"}}},{"name":"Anvil top","from":[4,8,0],"to":[12,16,16],"faces":{"north":{"uv":[4,0,12,8],"texture":"#body"},"east":{"uv":[8,0,16,16],"rotation":270,"texture":"#body"},"south":{"uv":[4,0,12,8],"texture":"#body"},"west":{"uv":[8,0,16,16],"rotation":90,"texture":"#body"},"up":{"uv":[4,0,12,16],"rotation":180,"texture":"#top"},"down":{"uv":[4,0,12,16],"rotation":180,"texture":"#body"}}}],"display":{"fixed":{"rotation":[0,90,0],"scale":[0.5,0.5,0.5]}}}