{"parent":"block/block","elements":[{"from":[4,0,8],"to":[8,4,12],"rotation":{"angle":0,"axis":"y","origin":[0,0,-1]},"faces":{"north":{"uv":[0,8,4,12],"texture":"#all"},"east":{"uv":[0,8,4,12],"texture":"#all"},"south":{"uv":[0,8,4,12],"texture":"#all"},"west":{"uv":[0,8,4,12],"texture":"#all"},"up":{"uv":[0,4,4,8],"texture":"#all"},"down":{"uv":[0,12,4,16],"texture":"#all","cullface":"down"}}},{"from":[8,0,4],"to":[12,8,8],"rotation":{"angle":0,"axis":"y","origin":[0,0,-1]},"faces":{"north":{"uv":[0,8,4,16],"texture":"#all"},"east":{"uv":[0,8,4,16],"texture":"#all"},"south":{"uv":[0,8,4,16],"texture":"#all"},"west":{"uv":[0,8,4,16],"texture":"#all"},"up":{"uv":[0,4,4,8],"texture":"#all"},"down":{"uv":[0,12,4,16],"texture":"#all","cullface":"down"}}},{"from":[8,8,6],"to":[12,12,6],"rotation":{"angle":-45,"axis":"y","origin":[10,8,6]},"faces":{"north":{"uv":[0,0,4,4],"texture":"#all"},"south":{"uv":[0,0,4,4],"texture":"#all"}}},{"from":[8,8,6],"to":[12,12,6],"rotation":{"angle":45,"axis":"y","origin":[10,8,6]},"faces":{"north":{"uv":[0,0,4,4],"texture":"#all"},"south":{"uv":[0,0,4,4],"texture":"#all"}}},{"from":[4,4,10],"to":[8,8,10],"rotation":{"angle":45,"axis":"y","origin":[6,4,10]},"faces":{"north":{"uv":[0,0,4,4],"texture":"#all"},"south":{"uv":[0,0,4,4],"texture":"#all"}}},{"from":[4,4,10],"to":[8,8,10],"rotation":{"angle":-45,"axis":"y","origin":[6,4,10]},"faces":{"north":{"uv":[0,0,4,4],"texture":"#all"},"south":{"uv":[0,0,4,4],"texture":"#all"}}}]}