{"parent":"block/block","textures":{"particle":"block/sea_pickle","all":"block/sea_pickle"},"elements":[{"from":[2,0,2],"to":[6,4,6],"faces":{"north":{"uv":[4,4,8,8],"texture":"#all"},"east":{"uv":[12,4,16,8],"texture":"#all"},"south":{"uv":[0,4,4,8],"texture":"#all"},"west":{"uv":[8,4,12,8],"texture":"#all"},"up":{"uv":[4,0,8,4],"texture":"#all"},"down":{"uv":[8,0,12,4],"texture":"#all","cullface":"down"}}},{"from":[8,0,4],"to":[12,8,8],"faces":{"north":{"uv":[4,4,8,12],"texture":"#all"},"east":{"uv":[12,4,16,12],"texture":"#all"},"south":{"uv":[0,4,4,12],"texture":"#all"},"west":{"uv":[8,4,12,12],"texture":"#all"},"up":{"uv":[4,0,8,4],"texture":"#all"},"down":{"uv":[8,0,12,4],"texture":"#all","cullface":"down"}}},{"from":[6,0,9],"to":[10,8,13],"rotation":{"angle":0,"axis":"y","origin":[6,8,13]},"faces":{"north":{"uv":[4,4,8,12],"texture":"#all"},"east":{"uv":[12,4,16,12],"texture":"#all"},"south":{"uv":[0,4,4,12],"texture":"#all"},"west":{"uv":[8,4,12,12],"texture":"#all"},"up":{"uv":[4,0,8,4],"texture":"#all"},"down":{"uv":[8,0,12,4],"texture":"#all","cullface":"down"}}},{"from":[2,4,4],"to":[6,8,4],"shade":false,"rotation":{"angle":45,"axis":"y","origin":[4,6,4]},"faces":{"north":{"uv":[0,0,4,4],"texture":"#all"},"south":{"uv":[0,0,4,4],"texture":"#all"}}},{"from":[8,8,6],"to":[12,12,6],"shade":false,"rotation":{"angle":45,"axis":"y","origin":[10,10,6]},"faces":{"north":{"uv":[0,0,4,4],"texture":"#all"},"south":{"uv":[0,0,4,4],"texture":"#all"}}},{"from":[6,8,11],"to":[10,12,11],"shade":false,"rotation":{"angle":45,"axis":"y","origin":[8,10,11]},"faces":{"north":{"uv":[0,0,4,4],"texture":"#all"},"south":{"uv":[0,0,4,4],"texture":"#all"}}},{"from":[2,4,4],"to":[6,8,4],"shade":false,"rotation":{"angle":-45,"axis":"y","origin":[4,6,4]},"faces":{"north":{"uv":[12,0,16,4],"texture":"#all"},"south":{"uv":[12,0,16,4],"texture":"#all"}}},{"from":[8,8,6],"to":[12,12,6],"shade":false,"rotation":{"angle":-45,"axis":"y","origin":[10,10,6]},"faces":{"north":{"uv":[12,0,16,4],"texture":"#all"},"south":{"uv":[12,0,16,4],"texture":"#all"}}},{"from":[6,8,11],"to":[10,12,11],"shade":false,"rotation":{"angle":-45,"axis":"y","origin":[8,10,11]},"faces":{"north":{"uv":[12,0,16,4],"texture":"#all"},"south":{"uv":[12,0,16,4],"texture":"#all"}}}]}