{"textures":{"hook":"block/tripwire_hook","particle":"block/oak_planks","wood":"block/oak_planks"},"elements":[{"from":[2,2,0],"to":[14,6,12],"rotation":{"angle":0,"axis":"x","origin":[4,10,5.2]},"faces":{"north":{"uv":[0,8,12,12],"texture":"#hook"},"east":{"uv":[0,0,4,12],"rotation":270,"texture":"#hook"},"south":{"uv":[12,0,0,4],"texture":"#hook"},"west":{"uv":[8,0,12,12],"rotation":90,"texture":"#hook"},"up":{"uv":[0,0,12,12],"rotation":180,"texture":"#hook"},"down":{"uv":[12,0,0,12],"texture":"#hook"}}},{"from":[10,6,8],"to":[6,2,4],"rotation":{"angle":0,"axis":"x","origin":[4,10,5.2]},"faces":{"north":{"uv":[4,0,8,4],"texture":"#hook"},"east":{"uv":[8,4,12,8],"texture":"#hook"},"south":{"uv":[4,8,8,12],"texture":"#hook"},"west":{"uv":[0,4,4,8],"texture":"#hook"}}},{"from":[6,0,12],"to":[10,12,16],"rotation":{"angle":0,"axis":"y","origin":[8,11,8]},"faces":{"north":{"uv":[12,4,16,16],"texture":"#wood"},"east":{"uv":[12,4,16,16],"texture":"#wood"},"south":{"uv":[12,4,16,16],"texture":"#wood"},"west":{"uv":[12,4,16,16],"texture":"#wood"},"up":{"uv":[8,4,12,8],"texture":"#wood"},"down":{"uv":[8,12,12,16],"texture":"#wood"}}}]}