{"parent":"block/block","textures":{"particle":"block/sea_pickle","all":"block/sea_pickle"},"elements":[{"from":[3,0,3],"to":[7,8,7],"faces":{"north":{"uv":[4,4,8,12],"texture":"#all"},"east":{"uv":[12,4,16,12],"texture":"#all"},"south":{"uv":[0,4,4,12],"texture":"#all"},"west":{"uv":[8,4,12,12],"texture":"#all"},"up":{"uv":[4,0,8,4],"texture":"#all"},"down":{"uv":[8,0,12,4],"texture":"#all","cullface":"down"}}},{"from":[8,0,8],"to":[12,4,12],"faces":{"north":{"uv":[4,4,8,8],"texture":"#all"},"east":{"uv":[12,4,16,8],"texture":"#all"},"south":{"uv":[0,4,4,8],"texture":"#all"},"west":{"uv":[8,4,12,8],"texture":"#all"},"up":{"uv":[4,0,8,4],"texture":"#all"},"down":{"uv":[8,0,12,4],"texture":"#all","cullface":"down"}}},{"from":[10,4,8],"to":[10,8,12],"shade":false,"rotation":{"angle":45,"axis":"y","origin":[10,8.8,10]},"faces":{"east":{"uv":[0,0,4,4],"texture":"#all"},"west":{"uv":[0,0,4,4],"texture":"#all"}}},{"from":[5,8,3],"to":[5,12,7],"shade":false,"rotation":{"angle":45,"axis":"y","origin":[5,12.8,5]},"faces":{"east":{"uv":[0,0,4,4],"texture":"#all"},"west":{"uv":[0,0,4,4],"texture":"#all"}}},{"from":[10,4,8],"to":[10,8,12],"shade":false,"rotation":{"angle":-45,"axis":"y","origin":[10,8.8,10]},"faces":{"east":{"uv":[12,0,16,4],"texture":"#all"},"west":{"uv":[12,0,16,4],"texture":"#all"}}},{"from":[5,8,3],"to":[5,12,7],"shade":false,"rotation":{"angle":-45,"axis":"y","origin":[5,12.8,5]},"faces":{"east":{"uv":[12,0,16,4],"texture":"#all"},"west":{"uv":[12,0,16,4],"texture":"#all"}}}]}