{
	"credit": "Made with Blockbench",
	"textures": {
		"base": "block/brewing_stand_base",
		"stand": "block/brewing_stand",
		"particle": "block/brewing_stand"
	},
	"elements": [
		{
			"from": [7, 2, 7],
			"to": [9, 16, 9],
			"faces": {
				"north": {"uv": [7, 2, 9, 16], "rotation": 180, "texture": "#stand"},
				"east": {"uv": [7, 2, 9, 16], "rotation": 180, "texture": "#stand"},
				"south": {"uv": [7, 2, 9, 16], "rotation": 180, "texture": "#stand"},
				"west": {"uv": [7, 2, 9, 16], "rotation": 180, "texture": "#stand"},
				"up": {"uv": [7, 7, 9, 9], "rotation": 180, "texture": "#stand"},
				"down": {"uv": [7, 7, 9, 9], "rotation": 180, "texture": "#stand"}
			}
		},
		{
			"from": [1, 14, 5],
			"to": [7, 16, 11],
			"faces": {
				"north": {"uv": [9, 14, 15, 16], "rotation": 180, "texture": "#base"},
				"east": {"uv": [5, 14, 11, 16], "rotation": 180, "texture": "#base"},
				"south": {"uv": [9, 14, 15, 16], "rotation": 180, "texture": "#base"},
				"west": {"uv": [5, 14, 11, 16], "rotation": 180, "texture": "#base"},
				"up": {"uv": [9, 5, 15, 11], "rotation": 180, "texture": "#base"},
				"down": {"uv": [9, 5, 15, 11], "rotation": 180, "texture": "#base"}
			}
		},
		{
			"from": [8, 14, 1],
			"to": [14, 16, 7],
			"faces": {
				"north": {"uv": [2, 14, 8, 16], "rotation": 180, "texture": "#base"},
				"east": {"uv": [1, 14, 7, 16], "rotation": 180, "texture": "#base"},
				"south": {"uv": [2, 14, 8, 16], "rotation": 180, "texture": "#base"},
				"west": {"uv": [1, 14, 7, 16], "rotation": 180, "texture": "#base"},
				"up": {"uv": [2, 1, 8, 7], "rotation": 180, "texture": "#base"},
				"down": {"uv": [2, 1, 8, 7], "rotation": 180, "texture": "#base"}
			}
		},
		{
			"from": [8, 14, 9],
			"to": [14, 16, 15],
			"faces": {
				"north": {"uv": [2, 14, 8, 16], "rotation": 180, "texture": "#base"},
				"east": {"uv": [9, 14, 15, 16], "rotation": 180, "texture": "#base"},
				"south": {"uv": [2, 14, 8, 16], "rotation": 180, "texture": "#base"},
				"west": {"uv": [9, 14, 15, 16], "rotation": 180, "texture": "#base"},
				"up": {"uv": [2, 9, 8, 15], "rotation": 180, "texture": "#base"},
				"down": {"uv": [2, 9, 8, 15], "rotation": 180, "texture": "#base"}
			}
		},
		{
			"from": [0, 0, 8],
			"to": [7, 14, 8],
			"faces": {
				"north": {"uv": [0, 0, 7, 14], "rotation": 180, "texture": "#stand"},
				"east": {"uv": [0, 0, 0, 14], "rotation": 180, "texture": "#stand"},
				"south": {"uv": [9, 0, 16, 14], "rotation": 180, "texture": "#stand"},
				"west": {"uv": [0, 0, 0, 14], "rotation": 180, "texture": "#stand"},
				"up": {"uv": [0, 0, 7, 0], "rotation": 180, "texture": "#stand"},
				"down": {"uv": [0, 0, 7, 0], "rotation": 180, "texture": "#stand"}
			}
		},
		{
			"from": [8, 0, 9],
			"to": [8, 14, 16],
			"rotation": {"angle": 45, "axis": "y", "origin": [8, 8, 8]},
			"faces": {
				"north": {"uv": [0, 0, 0, 14], "rotation": 180, "texture": "#stand"},
				"east": {"uv": [9, 0, 16, 14], "rotation": 180, "texture": "#stand"},
				"south": {"uv": [0, 0, 0, 14], "rotation": 180, "texture": "#stand"},
				"west": {"uv": [0, 0, 7, 14], "rotation": 180, "texture": "#stand"},
				"up": {"uv": [0, 0, 7, 0], "rotation": 90, "texture": "#stand"},
				"down": {"uv": [0, 0, 7, 0], "rotation": 270, "texture": "#stand"}
			}
		},
		{
			"from": [9, 0, 8],
			"to": [16, 14, 8],
			"rotation": {"angle": 45, "axis": "y", "origin": [8, 8, 8]},
			"faces": {
				"north": {"uv": [9, 0, 16, 14], "rotation": 180, "texture": "#stand"},
				"east": {"uv": [0, 0, 0, 14], "rotation": 180, "texture": "#stand"},
				"south": {"uv": [0, 0, 7, 14], "rotation": 180, "texture": "#stand"},
				"west": {"uv": [0, 0, 0, 14], "rotation": 180, "texture": "#stand"},
				"up": {"uv": [0, 0, 7, 0], "texture": "#stand"},
				"down": {"uv": [0, 0, 7, 0], "texture": "#stand"}
			}
		}
	]
}