{
	"credit": "Made with Blockbench",
	"parent": "block/block",
	"textures": {
		"bottom": "block/stonecutter_bottom",
		"particle": "block/stonecutter_bottom",
		"top": "block/stonecutter_top",
		"side": "block/stonecutter_side",
		"saw": "block/stonecutter_saw"
	},
	"elements": [
		{
			"from": [0, 0, 0],
			"to": [16, 9, 16],
			"faces": {
				"north": {"uv": [0, 7, 16, 16], "texture": "#side", "cullface": "north"},
				"east": {"uv": [0, 7, 16, 16], "texture": "#side", "cullface": "east"},
				"south": {"uv": [0, 7, 16, 16], "texture": "#side", "cullface": "south"},
				"west": {"uv": [0, 7, 16, 16], "texture": "#side", "cullface": "west"},
				"up": {"uv": [0, 0, 16, 16], "texture": "#top"},
				"down": {"uv": [0, 0, 16, 16], "texture": "#bottom", "cullface": "down"}
			}
		},
		{
			"from": [1, 5, 15],
			"to": [15, 5, 22],
			"faces": {
				"up": {"uv": [1, 9, 15, 16], "rotation": 180, "texture": "#saw", "tintindex": 0},
				"down": {"uv": [1, 9, 15, 16], "texture": "#saw", "tintindex": 0}
			}
		},
		{
			"from": [1, 9, 15],
			"to": [15, 16, 15],
			"faces": {
				"north": {"uv": [1, 9, 15, 16], "texture": "#saw", "tintindex": 0},
				"south": {"uv": [1, 9, 15, 16], "texture": "#saw", "tintindex": 0}
			}
		},
		{
			"from": [1, 9, 1],
			"to": [15, 16, 1],
			"faces": {
				"north": {"uv": [1, 9, 15, 16], "texture": "#saw", "tintindex": 0},
				"south": {"uv": [1, 9, 15, 16], "texture": "#saw", "tintindex": 0}
			}
		},
		{
			"from": [15, 9, 1],
			"to": [15, 16, 15],
			"faces": {
				"east": {"uv": [1, 9, 15, 16], "texture": "#saw", "tintindex": 0},
				"west": {"uv": [1, 9, 15, 16], "texture": "#saw", "tintindex": 0}
			}
		},
		{
			"from": [1, 9, 1],
			"to": [1, 16, 15],
			"faces": {
				"east": {"uv": [1, 9, 15, 16], "texture": "#saw", "tintindex": 0},
				"west": {"uv": [1, 9, 15, 16], "texture": "#saw", "tintindex": 0}
			}
		},
		{
			"from": [1, 9, 8],
			"to": [15, 16, 8],
			"rotation": {"angle": 45, "axis": "y", "origin": [8, 2, 8]},
			"faces": {
				"north": {"uv": [1, 9, 15, 16], "texture": "#saw", "tintindex": 0},
				"south": {"uv": [1, 9, 15, 16], "texture": "#saw", "tintindex": 0}
			}
		},
		{
			"from": [8, 9, 1],
			"to": [8, 16, 15],
			"rotation": {"angle": 45, "axis": "y", "origin": [8, 2, 8]},
			"faces": {
				"east": {"uv": [1, 9, 15, 16], "texture": "#saw", "tintindex": 0},
				"west": {"uv": [1, 9, 15, 16], "texture": "#saw", "tintindex": 0}
			}
		},
		{
			"from": [1, 5, -6],
			"to": [15, 5, 1],
			"faces": {
				"up": {"uv": [1, 9, 15, 16], "texture": "#saw", "tintindex": 0},
				"down": {"uv": [1, 9, 15, 16], "rotation": 180, "texture": "#saw", "tintindex": 0}
			}
		},
		{
			"from": [15, 5, 1],
			"to": [22, 5, 15],
			"faces": {
				"up": {"uv": [1, 9, 15, 16], "rotation": 90, "texture": "#saw", "tintindex": 0},
				"down": {"uv": [1, 9, 15, 16], "rotation": 90, "texture": "#saw", "tintindex": 0}
			}
		},
		{
			"from": [-6, 5, 1],
			"to": [1, 5, 15],
			"faces": {
				"up": {"uv": [1, 9, 15, 16], "rotation": 270, "texture": "#saw", "tintindex": 0},
				"down": {"uv": [1, 9, 15, 16], "rotation": 270, "texture": "#saw", "tintindex": 0}
			}
		}
	]
}