{
	"credit": "Made with Blockbench",
	"ambientocclusion": false,
	"textures": {
		"particle": "#cross"
	},
	"elements": [
		{
			"from": [8, 0, 0],
			"to": [8, 16, 16],
			"faces": {
				"north": {"uv": [0, 0, 0, 16], "rotation": 180, "texture": "#cross", "tintindex": 0},
				"east": {"uv": [0, 0, 16, 16], "rotation": 180, "texture": "#cross", "tintindex": 0},
				"south": {"uv": [0, 0, 0, 16], "rotation": 180, "texture": "#cross", "tintindex": 0},
				"west": {"uv": [0, 0, 16, 16], "rotation": 180, "texture": "#cross", "tintindex": 0},
				"up": {"uv": [0, 0, 0, 16], "texture": "#cross", "tintindex": 0},
				"down": {"uv": [0, 0, 0, 16], "texture": "#cross", "tintindex": 0}
			}
		},
		{
			"from": [0, 0, 8],
			"to": [16, 16, 8],
			"faces": {
				"north": {"uv": [0, 0, 16, 16], "rotation": 180, "texture": "#cross", "tintindex": 0},
				"east": {"uv": [0, 0, 0, 16], "rotation": 180, "texture": "#cross", "tintindex": 0},
				"south": {"uv": [0, 0, 16, 16], "rotation": 180, "texture": "#cross", "tintindex": 0},
				"west": {"uv": [0, 0, 0, 16], "rotation": 180, "texture": "#cross", "tintindex": 0},
				"up": {"uv": [0, 0, 0, 16], "rotation": 270, "texture": "#cross", "tintindex": 0},
				"down": {"uv": [0, 0, 0, 16], "rotation": 90, "texture": "#cross", "tintindex": 0}
			}
		}
	]
}