{"entity.lightning_bolt.thunder":{"sounds":[{"name":"ambient\/weather\/thunder1","volume":0.05},{"name":"ambient\/weather\/thunder2","volume":0.05},{"name":"ambient\/weather\/thunder3","volume":0.05}],"replace":true,"subtitle":"subtitles.entity.lightning_bolt.thunder"},"item.trident.thunder":{"sounds":[{"name":"item\/trident\/thunder1","volume":0.05},{"name":"item\/trident\/thunder2","volume":0.05}],"replace":true,"subtitle":"subtitles.item.trident.thunder"},"weather.rain":{"sounds":[{"name":"ambient\/weather\/rain1","volume":0.05},{"name":"ambient\/weather\/rain2","volume":0.05},{"name":"ambient\/weather\/rain3","volume":0.05},{"name":"ambient\/weather\/rain4","volume":0.05},{"name":"ambient\/weather\/rain5","volume":0.05},{"name":"ambient\/weather\/rain6","volume":0.05},{"name":"ambient\/weather\/rain7","volume":0.05},{"name":"ambient\/weather\/rain8","volume":0.05}],"replace":true,"subtitle":"subtitles.weather.rain"},"weather.rain.above":{"sounds":[{"name":"ambient\/weather\/rain1","volume":0.05},{"name":"ambient\/weather\/rain2","volume":0.05},{"name":"ambient\/weather\/rain3","volume":0.05},{"name":"ambient\/weather\/rain4","volume":0.05}],"replace":true,"subtitle":"subtitles.weather.rain"},"item.flintandsteel.use":{"sounds":[{"name":"fire\/ignite","volume":0.05}],"replace":true,"subtitle":"subtitles.item.flintandsteel.use"},"entity.generic.extinguish_fire":{"sounds":[{"name":"random\/fizz","volume":0.05}],"replace":true,"subtitle":"subtitles.entity.generic.extinguish_fire"},"block.fire.extinguish":{"sounds":[{"name":"random\/fizz","volume":0.05}],"replace":true,"subtitle":"subtitles.block.fire.extinguish"},"entity.player.hurt_on_fire":{"sounds":[{"name":"entity\/player\/hurt\/fire_hurt1","volume":0.05},{"name":"entity\/player\/hurt\/fire_hurt2","volume":0.05},{"name":"entity\/player\/hurt\/fire_hurt3","volume":0.05}],"replace":true,"subtitle":"subtitles.entity.player.hurt_on_fire"},"block.fire.ambient":{"sounds":[{"name":"fire\/fire","volume":0.05}],"replace":true,"subtitle":"subtitles.block.fire.ambient"},"block.portal.ambient":{"sounds":[{"attenuation_distance":10,"name":"portal\/portal","volume":0.05}],"replace":true,"subtitle":"subtitles.block.portal.ambient"},"block.portal.travel":{"sounds":[{"name":"portal\/travel","volume":0.05}],"replace":true},"block.portal.trigger":{"sounds":[{"name":"portal\/trigger","volume":0.05}],"replace":true,"subtitle":"subtitles.block.portal.trigger"},"ambient.underwater.enter":{"sounds":[{"name":"ambient\/underwater\/enter1","volume":0.025},{"name":"ambient\/underwater\/enter2","volume":0.025},{"name":"ambient\/underwater\/enter3","volume":0.025}],"replace":true},"ambient.underwater.exit":{"sounds":[{"name":"ambient\/underwater\/exit1","volume":0.015},{"name":"ambient\/underwater\/exit2","volume":0.015},{"name":"ambient\/underwater\/exit3","volume":0.015}],"replace":true},"ambient.underwater.loop":{"sounds":[{"name":"ambient\/underwater\/underwater_ambience","stream":true,"volume":0.0325}],"replace":true},"ambient.underwater.loop.additions":{"sounds":[{"name":"ambient\/underwater\/additions\/bubbles1","volume":0.05},{"name":"ambient\/underwater\/additions\/bubbles2","volume":0.05},{"name":"ambient\/underwater\/additions\/bubbles3","volume":0.05},{"name":"ambient\/underwater\/additions\/bubbles4","volume":0.05},{"name":"ambient\/underwater\/additions\/bubbles5","volume":0.05},{"name":"ambient\/underwater\/additions\/bubbles6","volume":0.05},{"name":"ambient\/underwater\/additions\/water1","volume":0.05},{"name":"ambient\/underwater\/additions\/water2","volume":0.05}],"replace":true},"ambient.underwater.loop.additions.rare":{"sounds":[{"name":"ambient\/underwater\/additions\/animal1","volume":0.0225},{"name":"ambient\/underwater\/additions\/bass_whale1","volume":0.0225},{"name":"ambient\/underwater\/additions\/bass_whale2","volume":0.025},{"name":"ambient\/underwater\/additions\/crackles1","volume":0.035},{"name":"ambient\/underwater\/additions\/crackles2","volume":0.05},{"name":"ambient\/underwater\/additions\/driplets1","volume":0.025},{"name":"ambient\/underwater\/additions\/driplets2","volume":0.025},{"name":"ambient\/underwater\/additions\/earth_crack","volume":0.05}],"replace":true},"ambient.underwater.loop.additions.ultra_rare":{"sounds":[{"name":"ambient\/underwater\/additions\/animal2","volume":0.05},{"name":"ambient\/underwater\/additions\/dark1","volume":0.05},{"name":"ambient\/underwater\/additions\/dark2","volume":0.035},{"name":"ambient\/underwater\/additions\/dark3","volume":0.05},{"name":"ambient\/underwater\/additions\/dark4","volume":0.05}],"replace":true},"block.pointed_dripstone.drip_water":{"sounds":[{"name":"block\/pointed_dripstone\/drip_water1","volume":0.05},{"name":"block\/pointed_dripstone\/drip_water2","volume":0.05},{"name":"block\/pointed_dripstone\/drip_water3","volume":0.05},{"name":"block\/pointed_dripstone\/drip_water4","volume":0.05},{"name":"block\/pointed_dripstone\/drip_water5","volume":0.05},{"name":"block\/pointed_dripstone\/drip_water6","volume":0.05},{"name":"block\/pointed_dripstone\/drip_water7","volume":0.05},{"name":"block\/pointed_dripstone\/drip_water8","volume":0.05},{"name":"block\/pointed_dripstone\/drip_water9","volume":0.05},{"name":"block\/pointed_dripstone\/drip_water10","volume":0.05},{"name":"block\/pointed_dripstone\/drip_water11","volume":0.05},{"name":"block\/pointed_dripstone\/drip_water12","volume":0.05},{"name":"block\/pointed_dripstone\/drip_water13","volume":0.05},{"name":"block\/pointed_dripstone\/drip_water14","volume":0.05},{"name":"block\/pointed_dripstone\/drip_water15","volume":0.05}],"replace":true,"subtitle":"subtitles.block.pointed_dripstone.drip_water"},"block.pointed_dripstone.drip_water_into_cauldron":{"sounds":[{"name":"block\/pointed_dripstone\/drip_water_cauldron1","volume":0.05},{"name":"block\/pointed_dripstone\/drip_water_cauldron2","volume":0.05},{"name":"block\/pointed_dripstone\/drip_water_cauldron3","volume":0.05},{"name":"block\/pointed_dripstone\/drip_water_cauldron4","volume":0.05},{"name":"block\/pointed_dripstone\/drip_water_cauldron5","volume":0.05},{"name":"block\/pointed_dripstone\/drip_water_cauldron6","volume":0.05},{"name":"block\/pointed_dripstone\/drip_water_cauldron7","volume":0.05},{"name":"block\/pointed_dripstone\/drip_water_cauldron8","volume":0.05}],"replace":true,"subtitle":"subtitles.block.pointed_dripstone.drip_water_into_cauldron"},"block.water.ambient":{"sounds":[{"name":"liquid\/water","volume":0.05}],"replace":true,"subtitle":"subtitles.block.water.ambient"},"entity.player.swim":{"sounds":[{"name":"liquid\/swim5","volume":0.05},{"name":"liquid\/swim6","volume":0.05},{"name":"liquid\/swim7","volume":0.05},{"name":"liquid\/swim8","volume":0.05},{"name":"liquid\/swim9","volume":0.05},{"name":"liquid\/swim10","volume":0.05},{"name":"liquid\/swim11","volume":0.05},{"name":"liquid\/swim12","volume":0.05},{"name":"liquid\/swim13","volume":0.05},{"name":"liquid\/swim14","volume":0.05},{"name":"liquid\/swim15","volume":0.05},{"name":"liquid\/swim16","volume":0.05},{"name":"liquid\/swim17","volume":0.05},{"name":"liquid\/swim18","volume":0.05}],"replace":true,"subtitle":"subtitles.entity.generic.swim"},"entity.player.burp":{"sounds":[{"name":"random\/burp","volume":0.05}],"replace":true,"subtitle":"subtitles.entity.player.burp"},"entity.generic.drink":{"sounds":[{"name":"random\/drink","volume":0.05}],"replace":true,"subtitle":"subtitles.entity.generic.drink"},"entity.generic.eat":{"sounds":[{"name":"random\/eat1","volume":0.05},{"name":"random\/eat2","volume":0.05},{"name":"random\/eat3","volume":0.05}],"replace":true,"subtitle":"subtitles.entity.generic.eat"},"block.piston.contract":{"sounds":[{"name":"tile\/piston\/in","volume":0.05}],"replace":true,"subtitle":"subtitles.block.piston.move"},"block.piston.extend":{"sounds":[{"name":"tile\/piston\/out","volume":0.05}],"replace":true,"subtitle":"subtitles.block.piston.move"},"ambient.cave":{"sounds":[],"replace":true},"entity.ender_dragon.ambient":{"sounds":[{"name":"mob\/enderdragon\/growl1","volume":0.05},{"name":"mob\/enderdragon\/growl2","volume":0.05},{"name":"mob\/enderdragon\/growl3","volume":0.05},{"name":"mob\/enderdragon\/growl4","volume":0.05}],"replace":true,"subtitle":"subtitles.entity.ender_dragon.ambient"},"entity.ender_dragon.death":{"sounds":[{"name":"mob\/enderdragon\/end","volume":0.05}],"replace":true,"subtitle":"subtitles.entity.ender_dragon.death"},"entity.ender_dragon.flap":{"sounds":[{"name":"mob\/enderdragon\/wings1","volume":0.05},{"name":"mob\/enderdragon\/wings2","volume":0.05},{"name":"mob\/enderdragon\/wings3","volume":0.05},{"name":"mob\/enderdragon\/wings4","volume":0.05},{"name":"mob\/enderdragon\/wings5","volume":0.05},{"name":"mob\/enderdragon\/wings6","volume":0.05}],"replace":true,"subtitle":"subtitles.entity.ender_dragon.flap"},"entity.ender_dragon.growl":{"sounds":[{"name":"mob\/enderdragon\/growl1","volume":0.05},{"name":"mob\/enderdragon\/growl2","volume":0.05},{"name":"mob\/enderdragon\/growl3","volume":0.05},{"name":"mob\/enderdragon\/growl4","volume":0.05}],"replace":true,"subtitle":"subtitles.entity.ender_dragon.growl"},"entity.ender_dragon.hurt":{"sounds":[{"name":"mob\/enderdragon\/hit1","volume":0.05},{"name":"mob\/enderdragon\/hit2","volume":0.05},{"name":"mob\/enderdragon\/hit3","volume":0.05},{"name":"mob\/enderdragon\/hit4","volume":0.05}],"replace":true,"subtitle":"subtitles.entity.ender_dragon.hurt"},"entity.ender_dragon.shoot":{"sounds":[{"name":"mob\/ghast\/fireball4","volume":0.05}],"replace":true,"subtitle":"subtitles.entity.ender_dragon.shoot"},"entity.enderman.ambient":{"sounds":[{"name":"mob\/endermen\/idle1","volume":0.05},{"name":"mob\/endermen\/idle2","volume":0.05},{"name":"mob\/endermen\/idle3","volume":0.05},{"name":"mob\/endermen\/idle4","volume":0.05},{"name":"mob\/endermen\/idle5","volume":0.05}],"replace":true,"subtitle":"subtitles.entity.enderman.ambient"},"entity.enderman.death":{"sounds":[{"name":"mob\/endermen\/death","volume":0.05}],"replace":true,"subtitle":"subtitles.entity.enderman.death"},"entity.enderman.hurt":{"sounds":[{"name":"mob\/endermen\/hit1","volume":0.05},{"name":"mob\/endermen\/hit2","volume":0.05},{"name":"mob\/endermen\/hit3","volume":0.05},{"name":"mob\/endermen\/hit4","volume":0.05}],"replace":true,"subtitle":"subtitles.entity.enderman.hurt"},"entity.enderman.scream":{"sounds":[{"name":"mob\/endermen\/scream1","volume":0.05},{"name":"mob\/endermen\/scream2","volume":0.05},{"name":"mob\/endermen\/scream3","volume":0.05},{"name":"mob\/endermen\/scream4","volume":0.05}],"replace":true,"subtitle":"subtitles.entity.enderman.scream"},"entity.enderman.stare":{"sounds":[{"name":"mob\/endermen\/stare","volume":0.05}],"replace":true,"subtitle":"subtitles.entity.enderman.stare"},"entity.enderman.teleport":{"sounds":[{"name":"mob\/endermen\/portal","volume":0.05},{"name":"mob\/endermen\/portal2","volume":0.05}],"replace":true,"subtitle":"subtitles.entity.enderman.teleport"},"entity.parrot.ambient":{"sounds":[{"name":"mob\/parrot\/idle1","volume":0.035},{"name":"mob\/parrot\/idle2","volume":0.035},{"name":"mob\/parrot\/idle3","volume":0.035},{"name":"mob\/parrot\/idle4","volume":0.035},{"name":"mob\/parrot\/idle5","volume":0.035},{"name":"mob\/parrot\/idle6","volume":0.035}],"replace":true,"subtitle":"subtitles.entity.parrot.ambient"},"entity.parrot.death":{"sounds":[{"name":"mob\/parrot\/death1","pitch":0.9,"volume":0.05},{"name":"mob\/parrot\/death2","pitch":0.9,"volume":0.05},{"name":"mob\/parrot\/death3","pitch":0.9,"volume":0.05},{"name":"mob\/parrot\/death4","pitch":0.7,"volume":0.05}],"replace":true,"subtitle":"subtitles.entity.parrot.death"},"entity.parrot.eat":{"sounds":[{"name":"mob\/parrot\/eat1","volume":0.05},{"name":"mob\/parrot\/eat2","volume":0.05},{"name":"mob\/parrot\/eat3","volume":0.05}],"replace":true,"subtitle":"subtitles.entity.parrot.eats"},"entity.parrot.fly":{"sounds":[{"name":"mob\/parrot\/fly1","volume":0.05},{"name":"mob\/parrot\/fly2","volume":0.05},{"name":"mob\/parrot\/fly3","volume":0.05},{"name":"mob\/parrot\/fly4","volume":0.05},{"name":"mob\/parrot\/fly5","volume":0.05},{"name":"mob\/parrot\/fly6","volume":0.05},{"name":"mob\/parrot\/fly7","volume":0.05},{"name":"mob\/parrot\/fly8","volume":0.05}],"replace":true,"subtitle":"subtitles.entity.parrot.fly"},"entity.parrot.hurt":{"sounds":[{"name":"mob\/parrot\/hurt1","pitch":0.8,"volume":0.05},{"name":"mob\/parrot\/hurt1","pitch":0.9,"volume":0.05},{"name":"mob\/parrot\/hurt2","pitch":0.9,"volume":0.05}],"replace":true,"subtitle":"subtitles.entity.parrot.hurts"},"entity.parrot.imitate.blaze":{"sounds":[{"name":"entity.blaze.ambient","pitch":1.8,"type":"event","volume":0.02}],"replace":true,"subtitle":"subtitles.entity.parrot.imitate.blaze"},"entity.parrot.imitate.creeper":{"sounds":[{"name":"entity.creeper.primed","pitch":1.8,"type":"event","volume":0.03}],"replace":true,"subtitle":"subtitles.entity.parrot.imitate.creeper"},"entity.parrot.imitate.drowned":{"sounds":[{"name":"entity.drowned.ambient","pitch":1.8,"type":"event","volume":0.03}],"replace":true,"subtitle":"subtitles.entity.parrot.imitate.drowned"},"entity.parrot.imitate.elder_guardian":{"sounds":[{"name":"entity.elder_guardian.ambient_land","pitch":1.8,"type":"event","volume":0.035}],"replace":true,"subtitle":"subtitles.entity.parrot.imitate.elder_guardian"},"entity.parrot.imitate.ender_dragon":{"sounds":[{"name":"entity.ender_dragon.ambient","pitch":1.8,"type":"event","volume":0.01}],"replace":true,"subtitle":"subtitles.entity.parrot.imitate.ender_dragon"},"entity.parrot.imitate.endermite":{"sounds":[{"name":"entity.endermite.ambient","pitch":1.8,"type":"event","volume":0.035}],"replace":true,"subtitle":"subtitles.entity.parrot.imitate.endermite"},"entity.parrot.imitate.evoker":{"sounds":[{"name":"entity.evoker.cast_spell","pitch":1.8,"type":"event","volume":0.03}],"replace":true,"subtitle":"subtitles.entity.parrot.imitate.evoker"},"entity.parrot.imitate.ghast":{"sounds":[{"name":"entity.ghast.ambient","pitch":1.8,"type":"event","volume":0.035}],"replace":true,"subtitle":"subtitles.entity.parrot.imitate.ghast"},"entity.parrot.imitate.guardian":{"sounds":[{"name":"entity.guardian.ambient","pitch":1.8,"type":"event","volume":0.02}],"replace":true,"subtitle":"subtitles.entity.parrot.imitate.guardian"},"entity.parrot.imitate.hoglin":{"sounds":[{"name":"entity.hoglin.ambient","pitch":1.9,"type":"event","volume":0.03}],"replace":true,"subtitle":"subtitles.entity.parrot.imitate.hoglin"},"entity.parrot.imitate.husk":{"sounds":[{"name":"entity.husk.ambient","pitch":1.8,"type":"event","volume":0.03}],"replace":true,"subtitle":"subtitles.entity.parrot.imitate.husk"},"entity.parrot.imitate.illusioner":{"sounds":[{"name":"entity.illusioner.ambient","pitch":1.8,"type":"event","volume":0.035}],"replace":true,"subtitle":"subtitles.entity.parrot.imitate.illusioner"},"entity.parrot.imitate.magma_cube":{"sounds":[{"name":"entity.magma_cube.squish","pitch":1.8,"type":"event","volume":0.03}],"replace":true,"subtitle":"subtitles.entity.parrot.imitate.magma_cube"},"entity.parrot.imitate.phantom":{"sounds":[{"name":"entity.phantom.ambient","pitch":1.7,"type":"event","volume":0.03}],"replace":true,"subtitle":"subtitles.entity.parrot.imitate.phantom"},"entity.parrot.imitate.piglin":{"sounds":[{"name":"entity.piglin.ambient","pitch":1.8,"type":"event","volume":0.03}],"replace":true,"subtitle":"subtitles.entity.parrot.imitate.piglin"},"entity.parrot.imitate.piglin_brute":{"sounds":[{"name":"entity.piglin_brute.ambient","pitch":1.8,"type":"event","volume":0.03}],"replace":true,"subtitle":"subtitles.entity.parrot.imitate.piglin_brute"},"entity.parrot.imitate.pillager":{"sounds":[{"name":"entity.pillager.ambient","pitch":1.8,"type":"event","volume":0.02}],"replace":true,"subtitle":"subtitles.entity.parrot.imitate.pillager"},"entity.parrot.imitate.ravager":{"sounds":[{"name":"entity.ravager.ambient","pitch":1.8,"type":"event","volume":0.01}],"replace":true,"subtitle":"subtitles.entity.parrot.imitate.ravager"},"entity.parrot.imitate.shulker":{"sounds":[{"name":"entity.shulker.ambient","pitch":1.7,"type":"event","volume":0.02}],"replace":true,"subtitle":"subtitles.entity.parrot.imitate.shulker"},"entity.parrot.imitate.silverfish":{"sounds":[{"name":"entity.silverfish.ambient","pitch":1.8,"type":"event","volume":0.035}],"replace":true,"subtitle":"subtitles.entity.parrot.imitate.silverfish"},"entity.parrot.imitate.skeleton":{"sounds":[{"name":"entity.skeleton.ambient","pitch":1.7,"type":"event","volume":0.05}],"replace":true,"subtitle":"subtitles.entity.parrot.imitate.skeleton"},"entity.parrot.imitate.slime":{"sounds":[{"name":"entity.slime.squish","pitch":1.8,"type":"event","volume":0.03}],"replace":true,"subtitle":"subtitles.entity.parrot.imitate.slime"},"entity.parrot.imitate.spider":{"sounds":[{"name":"entity.spider.ambient","pitch":1.8,"type":"event","volume":0.03}],"replace":true,"subtitle":"subtitles.entity.parrot.imitate.spider"},"entity.parrot.imitate.stray":{"sounds":[{"name":"entity.stray.ambient","pitch":1.6,"type":"event","volume":0.03}],"replace":true,"subtitle":"subtitles.entity.parrot.imitate.stray"},"entity.parrot.imitate.vex":{"sounds":[{"name":"entity.vex.ambient","pitch":1.6,"type":"event","volume":0.04}],"replace":true,"subtitle":"subtitles.entity.parrot.imitate.vex"},"entity.parrot.imitate.vindicator":{"sounds":[{"name":"entity.vindicator.ambient","pitch":1.7,"type":"event","volume":0.03}],"replace":true,"subtitle":"subtitles.entity.parrot.imitate.vindicator"},"entity.parrot.imitate.warden":{"sounds":[{"name":"entity.warden.tendril_clicks","pitch":2,"type":"event","volume":0.04}],"replace":true,"subtitle":"subtitles.entity.parrot.imitate.warden"},"entity.parrot.imitate.witch":{"sounds":[{"name":"entity.witch.ambient","pitch":1.8,"type":"event","volume":0.025}],"replace":true,"subtitle":"subtitles.entity.parrot.imitate.witch"},"entity.parrot.imitate.wither":{"sounds":[{"name":"entity.wither.ambient","pitch":1.8,"type":"event","volume":0.01}],"replace":true,"subtitle":"subtitles.entity.parrot.imitate.wither"},"entity.parrot.imitate.wither_skeleton":{"sounds":[{"name":"entity.wither_skeleton.ambient","pitch":1.8,"type":"event","volume":0.035}],"replace":true,"subtitle":"subtitles.entity.parrot.imitate.wither_skeleton"},"entity.parrot.imitate.zoglin":{"sounds":[{"name":"entity.zoglin.ambient","pitch":1.9,"type":"event","volume":0.03}],"replace":true,"subtitle":"subtitles.entity.parrot.imitate.zoglin"},"entity.parrot.imitate.zombie":{"sounds":[{"name":"entity.zombie.ambient","pitch":1.8,"type":"event","volume":0.03}],"replace":true,"subtitle":"subtitles.entity.parrot.imitate.zombie"},"entity.parrot.imitate.zombie_villager":{"sounds":[{"name":"entity.zombie_villager.ambient","pitch":1.8,"type":"event","volume":0.03}],"replace":true,"subtitle":"subtitles.entity.parrot.imitate.zombie_villager"},"entity.parrot.step":{"sounds":[{"name":"mob\/parrot\/step1","volume":0.05},{"name":"mob\/parrot\/step2","volume":0.05},{"name":"mob\/parrot\/step3","volume":0.05},{"name":"mob\/parrot\/step4","volume":0.05},{"name":"mob\/parrot\/step5","volume":0.05}],"replace":true},"entity.phantom.ambient":{"sounds":[{"name":"mob\/phantom\/idle1","volume":0.04},{"name":"mob\/phantom\/idle2","volume":0.04},{"name":"mob\/phantom\/idle3","volume":0.04},{"name":"mob\/phantom\/idle4","volume":0.04},{"name":"mob\/phantom\/idle5","volume":0.04}],"replace":true,"subtitle":"subtitles.entity.phantom.ambient"},"entity.phantom.bite":{"sounds":[{"name":"mob\/phantom\/bite1","volume":0.05},{"name":"mob\/phantom\/bite2","volume":0.05}],"replace":true,"subtitle":"subtitles.entity.phantom.bite"},"entity.phantom.death":{"sounds":[{"name":"mob\/phantom\/death1","volume":0.05},{"name":"mob\/phantom\/death2","volume":0.05},{"name":"mob\/phantom\/death3","volume":0.05}],"replace":true,"subtitle":"subtitles.entity.phantom.death"},"entity.phantom.flap":{"sounds":[{"name":"mob\/phantom\/flap1","volume":0.045},{"name":"mob\/phantom\/flap2","volume":0.045},{"name":"mob\/phantom\/flap3","volume":0.045},{"name":"mob\/phantom\/flap4","volume":0.045},{"name":"mob\/phantom\/flap5","volume":0.045},{"name":"mob\/phantom\/flap6","volume":0.045}],"replace":true,"subtitle":"subtitles.entity.phantom.flap"},"entity.phantom.hurt":{"sounds":[{"name":"mob\/phantom\/hurt1","volume":0.0375},{"name":"mob\/phantom\/hurt2","volume":0.0375},{"name":"mob\/phantom\/hurt3","volume":0.0375}],"replace":true,"subtitle":"subtitles.entity.phantom.hurt"},"entity.phantom.swoop":{"sounds":[{"name":"mob\/phantom\/swoop1","volume":0.035},{"name":"mob\/phantom\/swoop2","volume":0.035},{"name":"mob\/phantom\/swoop3","volume":0.035},{"name":"mob\/phantom\/swoop4","volume":0.035}],"replace":true,"subtitle":"subtitles.entity.phantom.swoop"},"entity.slime.attack":{"sounds":[{"name":"mob\/slime\/attack1","volume":0.05},{"name":"mob\/slime\/attack2","volume":0.05}],"replace":true,"subtitle":"subtitles.entity.slime.attack"},"entity.slime.death":{"sounds":[{"name":"mob\/slime\/big1","volume":0.05},{"name":"mob\/slime\/big2","volume":0.05},{"name":"mob\/slime\/big3","volume":0.05},{"name":"mob\/slime\/big4","volume":0.05}],"replace":true,"subtitle":"subtitles.entity.slime.death"},"entity.slime.death_small":{"sounds":[{"name":"mob\/slime\/small1","volume":0.05},{"name":"mob\/slime\/small2","volume":0.05},{"name":"mob\/slime\/small3","volume":0.05},{"name":"mob\/slime\/small4","volume":0.05},{"name":"mob\/slime\/small5","volume":0.05}],"replace":true,"subtitle":"subtitles.entity.slime.death"},"entity.slime.hurt":{"sounds":[{"name":"mob\/slime\/big1","volume":0.05},{"name":"mob\/slime\/big2","volume":0.05},{"name":"mob\/slime\/big3","volume":0.05},{"name":"mob\/slime\/big4","volume":0.05}],"replace":true,"subtitle":"subtitles.entity.slime.hurt"},"entity.slime.hurt_small":{"sounds":[{"name":"mob\/slime\/small1","volume":0.05},{"name":"mob\/slime\/small2","volume":0.05},{"name":"mob\/slime\/small3","volume":0.05},{"name":"mob\/slime\/small4","volume":0.05},{"name":"mob\/slime\/small5","volume":0.05}],"replace":true,"subtitle":"subtitles.entity.slime.hurt"},"entity.slime.jump":{"sounds":[{"name":"mob\/slime\/big1","volume":0.05},{"name":"mob\/slime\/big2","volume":0.05},{"name":"mob\/slime\/big3","volume":0.05},{"name":"mob\/slime\/big4","volume":0.05}],"replace":true,"subtitle":"subtitles.entity.slime.squish"},"entity.slime.jump_small":{"sounds":[{"name":"mob\/slime\/small1","volume":0.05},{"name":"mob\/slime\/small2","volume":0.05},{"name":"mob\/slime\/small3","volume":0.05},{"name":"mob\/slime\/small4","volume":0.05},{"name":"mob\/slime\/small5","volume":0.05}],"replace":true,"subtitle":"subtitles.entity.slime.squish"},"entity.slime.squish":{"sounds":[{"name":"mob\/slime\/big1","volume":0.05},{"name":"mob\/slime\/big2","volume":0.05},{"name":"mob\/slime\/big3","volume":0.05},{"name":"mob\/slime\/big4","volume":0.05}],"replace":true,"subtitle":"subtitles.entity.slime.squish"},"entity.slime.squish_small":{"sounds":[{"name":"mob\/slime\/small1","volume":0.05},{"name":"mob\/slime\/small2","volume":0.05},{"name":"mob\/slime\/small3","volume":0.05},{"name":"mob\/slime\/small4","volume":0.05},{"name":"mob\/slime\/small5","volume":0.05}],"replace":true,"subtitle":"subtitles.entity.slime.squish"},"entity.snow_golem.death":{"sounds":[{"name":"entity\/snowman\/death1","volume":0.05},{"name":"entity\/snowman\/death2","volume":0.05},{"name":"entity\/snowman\/death3","volume":0.05}],"replace":true,"subtitle":"subtitles.entity.snow_golem.death"},"entity.snow_golem.hurt":{"sounds":[{"name":"entity\/snowman\/hurt1","volume":0.05},{"name":"entity\/snowman\/hurt2","volume":0.05},{"name":"entity\/snowman\/hurt3","volume":0.05}],"replace":true,"subtitle":"subtitles.entity.snow_golem.hurt"},"entity.snow_golem.shear":{"sounds":[{"name":"mob\/sheep\/shear","volume":0.05}],"replace":true,"subtitle":"subtitles.item.shears.shear"},"entity.snow_golem.shoot":{"sounds":[{"name":"random\/bow","volume":0.05}],"replace":true,"subtitle":"subtitles.entity.snowball.throw"},"entity.warden.agitated":{"sounds":[{"name":"mob\/warden\/agitated_1","volume":0.05},{"name":"mob\/warden\/agitated_2","volume":0.05},{"name":"mob\/warden\/agitated_3","volume":0.05},{"name":"mob\/warden\/agitated_4","volume":0.05},{"name":"mob\/warden\/agitated_5","volume":0.05},{"name":"mob\/warden\/agitated_6","volume":0.05}],"replace":true,"subtitle":"subtitles.entity.warden.agitated"},"entity.warden.ambient":{"sounds":[{"name":"mob\/warden\/ambient_1","volume":0.05},{"name":"mob\/warden\/ambient_2","volume":0.05},{"name":"mob\/warden\/ambient_3","volume":0.05},{"name":"mob\/warden\/ambient_4","volume":0.05},{"name":"mob\/warden\/ambient_5","volume":0.05},{"name":"mob\/warden\/ambient_6","volume":0.05},{"name":"mob\/warden\/ambient_7","volume":0.05},{"name":"mob\/warden\/ambient_8","volume":0.05},{"name":"mob\/warden\/ambient_9","volume":0.05},{"name":"mob\/warden\/ambient_10","volume":0.05},{"name":"mob\/warden\/ambient_11","volume":0.05},{"name":"mob\/warden\/ambient_12","volume":0.05}],"replace":true,"subtitle":"subtitles.entity.warden.ambient"},"entity.warden.angry":{"sounds":[{"name":"mob\/warden\/angry_1","volume":0.05},{"name":"mob\/warden\/angry_2","volume":0.05},{"name":"mob\/warden\/angry_3","volume":0.05},{"name":"mob\/warden\/angry_4","volume":0.05},{"name":"mob\/warden\/angry_5","volume":0.05},{"name":"mob\/warden\/angry_6","volume":0.05}],"replace":true,"subtitle":"subtitles.entity.warden.angry"},"entity.warden.attack_impact":{"sounds":[{"name":"mob\/warden\/attack_impact_1","volume":0.05},{"name":"mob\/warden\/attack_impact_2","volume":0.05}],"replace":true,"subtitle":"subtitles.entity.warden.attack_impact"},"entity.warden.death":{"sounds":[{"name":"mob\/warden\/death_1","volume":0.05},{"name":"mob\/warden\/death_2","volume":0.05}],"replace":true,"subtitle":"subtitles.entity.warden.death"},"entity.warden.dig":{"sounds":[{"name":"mob\/warden\/dig","volume":0.05}],"replace":true,"subtitle":"subtitles.entity.warden.dig"},"entity.warden.emerge":{"sounds":[{"name":"mob\/warden\/emerge","volume":0.05}],"replace":true,"subtitle":"subtitles.entity.warden.emerge"},"entity.warden.heartbeat":{"sounds":[{"name":"mob\/warden\/heartbeat_1","volume":0.05},{"name":"mob\/warden\/heartbeat_2","volume":0.05},{"name":"mob\/warden\/heartbeat_3","volume":0.05},{"name":"mob\/warden\/heartbeat_4","volume":0.05}],"replace":true,"subtitle":"subtitles.entity.warden.heartbeat"},"entity.warden.hurt":{"sounds":[{"name":"mob\/warden\/hurt_1","volume":0.05},{"name":"mob\/warden\/hurt_2","volume":0.05},{"name":"mob\/warden\/hurt_3","volume":0.05},{"name":"mob\/warden\/hurt_4","volume":0.05}],"replace":true,"subtitle":"subtitles.entity.warden.hurt"},"entity.warden.listening":{"sounds":[{"name":"mob\/warden\/listening_1","volume":0.05},{"name":"mob\/warden\/listening_2","volume":0.05},{"name":"mob\/warden\/listening_3","volume":0.05},{"name":"mob\/warden\/listening_4","volume":0.05},{"name":"mob\/warden\/listening_5","volume":0.05}],"replace":true,"subtitle":"subtitles.entity.warden.listening"},"entity.warden.listening_angry":{"sounds":[{"name":"mob\/warden\/listening_angry_1","volume":0.05},{"name":"mob\/warden\/listening_angry_2","volume":0.05},{"name":"mob\/warden\/listening_angry_3","volume":0.05},{"name":"mob\/warden\/listening_angry_4","volume":0.05},{"name":"mob\/warden\/listening_angry_5","volume":0.05}],"replace":true,"subtitle":"subtitles.entity.warden.listening_angry"},"entity.warden.nearby_close":{"sounds":[{"name":"mob\/warden\/nearby_close_1","volume":0.05},{"name":"mob\/warden\/nearby_close_2","volume":0.05},{"name":"mob\/warden\/nearby_close_3","volume":0.05},{"name":"mob\/warden\/nearby_close_4","volume":0.05}],"replace":true,"subtitle":"subtitles.entity.warden.nearby_close"},"entity.warden.nearby_closer":{"sounds":[{"name":"mob\/warden\/nearby_closer_1","volume":0.05},{"name":"mob\/warden\/nearby_closer_2","volume":0.05},{"name":"mob\/warden\/nearby_closer_3","volume":0.05}],"replace":true,"subtitle":"subtitles.entity.warden.nearby_closer"},"entity.warden.nearby_closest":{"sounds":[{"name":"mob\/warden\/nearby_closest_1","volume":0.05},{"name":"mob\/warden\/nearby_closest_2","volume":0.05},{"name":"mob\/warden\/nearby_closest_3","volume":0.05}],"replace":true,"subtitle":"subtitles.entity.warden.nearby_closest"},"entity.warden.roar":{"sounds":[{"name":"mob\/warden\/roar_1","volume":0.05},{"name":"mob\/warden\/roar_2","volume":0.05},{"name":"mob\/warden\/roar_3","volume":0.05},{"name":"mob\/warden\/roar_4","volume":0.05},{"name":"mob\/warden\/roar_5","volume":0.05}],"replace":true,"subtitle":"subtitles.entity.warden.roar"},"entity.warden.sniff":{"sounds":[{"name":"mob\/warden\/sniff_1","volume":0.0375},{"name":"mob\/warden\/sniff_2","volume":0.0375},{"name":"mob\/warden\/sniff_3","volume":0.0375},{"name":"mob\/warden\/sniff_4","volume":0.0375}],"replace":true,"subtitle":"subtitles.entity.warden.sniff"},"entity.warden.sonic_boom":{"sounds":[{"name":"mob\/warden\/sonic_boom1","volume":0.05},{"name":"mob\/warden\/sonic_boom2","volume":0.05},{"name":"mob\/warden\/sonic_boom3","volume":0.05},{"name":"mob\/warden\/sonic_boom4","volume":0.05}],"replace":true,"subtitle":"subtitles.entity.warden.sonic_boom"},"entity.warden.sonic_charge":{"sounds":[{"name":"mob\/warden\/sonic_charge1","volume":0.05},{"name":"mob\/warden\/sonic_charge2","volume":0.05},{"name":"mob\/warden\/sonic_charge3","volume":0.05},{"name":"mob\/warden\/sonic_charge4","volume":0.05}],"replace":true,"subtitle":"subtitles.entity.warden.sonic_charge"},"entity.warden.step":{"sounds":[{"name":"mob\/warden\/step_1","volume":0.015},{"name":"mob\/warden\/step_2","volume":0.015},{"name":"mob\/warden\/step_3","volume":0.015},{"name":"mob\/warden\/step_4","volume":0.015}],"replace":true,"subtitle":"subtitles.block.generic.footsteps"},"entity.warden.tendril_clicks":{"sounds":[{"name":"mob\/warden\/tendril_clicks_1","volume":0.05},{"name":"mob\/warden\/tendril_clicks_2","volume":0.05},{"name":"mob\/warden\/tendril_clicks_3","volume":0.05},{"name":"mob\/warden\/tendril_clicks_4","volume":0.05},{"name":"mob\/warden\/tendril_clicks_5","volume":0.05},{"name":"mob\/warden\/tendril_clicks_6","volume":0.05}],"replace":true,"subtitle":"subtitles.entity.warden.tendril_clicks"},"entity.wither.ambient":{"sounds":[{"name":"mob\/wither\/idle1","volume":0.05},{"name":"mob\/wither\/idle2","volume":0.05},{"name":"mob\/wither\/idle3","volume":0.05},{"name":"mob\/wither\/idle4","volume":0.05}],"replace":true,"subtitle":"subtitles.entity.wither.ambient"},"entity.wither.break_block":{"sounds":[{"name":"mob\/zombie\/woodbreak","volume":0.05}],"replace":true,"subtitle":"subtitles.entity.wither.shoot"},"entity.wither.death":{"sounds":[{"name":"mob\/wither\/death","volume":0.05}],"replace":true,"subtitle":"subtitles.entity.wither.death"},"entity.wither.hurt":{"sounds":[{"name":"mob\/wither\/hurt1","volume":0.05},{"name":"mob\/wither\/hurt2","volume":0.05},{"name":"mob\/wither\/hurt3","volume":0.05},{"name":"mob\/wither\/hurt4","volume":0.05}],"replace":true,"subtitle":"subtitles.entity.wither.hurt"},"entity.wither.shoot":{"sounds":[{"name":"mob\/wither\/shoot","volume":0.05}],"replace":true,"subtitle":"subtitles.entity.wither.shoot"},"entity.wither.spawn":{"sounds":[{"name":"mob\/wither\/spawn","volume":0.05}],"replace":true,"subtitle":"subtitles.entity.wither.spawn"}}