{"variants":{"":[{"model":"minecraft:block/oak_leaves"},{"model":"minecraft:block/oak_leaves1"},{"model":"minecraft:block/oak_leaves2"},{"model":"minecraft:block/oak_leaves3"},{"model":"minecraft:block/oak_leaves4"},{"model":"minecraft:block/oak_leaves5"},{"model":"minecraft:block/oak_leaves6"},{"model":"minecraft:block/oak_leaves7"},{"model":"minecraft:block/oak_leaves8"},{"model":"minecraft:block/oak_leaves9"},{"model":"minecraft:block/oak_leaves10"},{"model":"minecraft:block/oak_leaves11"},{"model":"minecraft:block/oak_leaves12"},{"model":"minecraft:block/oak_leaves13"},{"model":"minecraft:block/oak_leaves14"},{"model":"minecraft:block/oak_leaves15"}]}}