{"targets":["water","translucent","itemEntity","particles","clouds","weather","final","swap"],"passes":[{"name":"transparency","intarget":"minecraft:main","outtarget":"final","auxtargets":[{"name":"DiffuseDepthSampler","id":"minecraft:main:depth"},{"name":"TranslucentSampler","id":"translucent"},{"name":"TranslucentDepthSampler","id":"translucent:depth"},{"name":"ItemEntitySampler","id":"itemEntity"},{"name":"ItemEntityDepthSampler","id":"itemEntity:depth"},{"name":"ParticlesSampler","id":"particles"},{"name":"ParticlesDepthSampler","id":"particles:depth"},{"name":"CloudsSampler","id":"clouds"},{"name":"CloudsDepthSampler","id":"clouds:depth"},{"name":"WeatherSampler","id":"weather"},{"name":"WeatherDepthSampler","id":"weather:depth"}]},{"name":"blit","intarget":"final","outtarget":"minecraft:main"},{"name":"color_convolve","intarget":"minecraft:main","outtarget":"swap","uniforms":[{"name":"RedMatrix","values":[0.33,0.33,0.33]},{"name":"GreenMatrix","values":[0.33,0.33,0.33]},{"name":"BlueMatrix","values":[0.33,0.33,0.33]}]},{"name":"blit","intarget":"swap","outtarget":"minecraft:main"}]}